https://es.wiktionary.org/w/wiki.phtml?title=Special:Allpages&from=J,7,es
https://es.wiktionary.org/w/wiki.phtml?title=Special:Allpages&from=I,7,es
https://es.wiktionary.org/w/wiki.phtml?title=Special:Allpages&from=H,7,es
https://es.wikipedia.org/?diff=43611068,73,es
https://es.wiktionary.org/w/wiki.phtml?title=Special:Allpages&from=G,7,es
https://es.wiktionary.org/w/wiki.phtml?title=Special:Allpages&from=F,7,es
https://es.wikipedia.org/wiki/Epidemia_de_neumon%C3%ADa_por_coronavirus_de_Wuhan_de_2019-2020,390,es
https://es.wiktionary.org/w/wiki.phtml?title=Special:Allpages&from=E,7,es
https://es.wiktionary.org/w/wiki.phtml?title=Special:Allpages&from=D,7,es
https://es.wiktionary.org/w/wiki.phtml?title=Special:Allpages&from=C,7,es
https://es.wikipedia.org/wiki/Instituto_Smithsoniano,86,es
https://es.wiktionary.org/w/wiki.phtml?title=Special:Allpages&from=R,7,es
https://es.wiktionary.org/w/wiki.phtml?title=Special:Allpages&from=Q,7,es
https://es.wiktionary.org/w/wiki.phtml?title=Special:Allpages&from=P,7,es
https://es.wikipedia.org/w/index.php?title=Partido_Demócrata_(Estados_Unidos)&oldid=123844988,159,es
https://es.wiktionary.org/w/wiki.phtml?title=Special:Allpages&from=O,7,es
https://es.wikiquote.org/wiki/es:Special:Statistics,9,es
https://es.wiktionary.org/w/wiki.phtml?title=Special:Allpages&from=N,7,es
https://es.wiktionary.org/w/wiki.phtml?title=Special:Allpages&from=M,7,es
https://es.wikinews.org/w/index.php?title=Especial:NewsFeed&feed=atom&hideredirs=1&limit=75&offset=&namespace=0&username=&tagfilter=&size=0&categories=Art%C3%ADculos%20publicados,0,es
https://es.wiktionary.org/w/wiki.phtml?title=Special:Allpages&from=L,7,es
https://es.wiktionary.org/w/wiki.phtml?title=Special:Allpages&from=K,7,es
https://es.wikiquote.org/wiki/es:Portada,152,es
https://es.wikinews.org/w/index.php?title=Categor%C3%ADa:Espa%C3%B1a&from=Z,89,es
https://es.wikinews.org/w/index.php?title=Categor%C3%ADa:Espa%C3%B1a&from=W,89,es
https://es.wikinews.org/w/index.php?title=Categor%C3%ADa:Espa%C3%B1a&from=V,89,es
https://es.wikinews.org/w/index.php?title=Categor%C3%ADa:Espa%C3%B1a&from=Y,89,es
https://es.wikinews.org/w/index.php?title=Categor%C3%ADa:Espa%C3%B1a&from=X,89,es
https://es.wiktionary.org/w/wiki.phtml?title=Special:Allpages&from=B,7,es
https://es.wikinews.org/w/index.php?title=Categor%C3%ADa:Espa%C3%B1a&from=S,89,es
https://es.wiktionary.org/w/wiki.phtml?title=Special:Allpages&from=A,7,es
https://es.wikinews.org/w/index.php?title=Categor%C3%ADa:Espa%C3%B1a&from=R,89,es
https://es.wikipedia.org/wiki/euro,269,es
https://es.wikinews.org/w/index.php?title=Categor%C3%ADa:Espa%C3%B1a&from=U,89,es
https://es.wikipedia.org/w/index.php?title=Usuario%3AAbece&action=historysubmit&diff=43721818&oldid=43626167,7,es
https://es.wikinews.org/w/index.php?title=Categor%C3%ADa:Espa%C3%B1a&from=T,89,es
https://es.wikinews.org/w/index.php?title=Categor%C3%ADa:Espa%C3%B1a&from=O,89,es
https://es.wikisource.org/wiki/Espa%C3%B1a,24,es
https://es.wikinews.org/w/index.php?title=Categor%C3%ADa:Espa%C3%B1a&from=N,89,es
https://es.wikinews.org/w/index.php?title=Categor%C3%ADa:Espa%C3%B1a&from=Q,89,es
https://es.wikibooks.org/wiki/Portada,146,es
https://es.wikinews.org/w/index.php?title=Categor%C3%ADa:Espa%C3%B1a&from=P,89,es
https://es.wikipedia.org/w/index.php?title=Imperio_otomano_durante_la_Primera_Guerra_Mundial&action=edit,12,es
https://es.wikinews.org/w/index.php?title=Categoría:Florida&oldid=642930,64,es
https://es.wikipedia.org/w/index.php?title=Océano_Atlántico&oldid=123509345,256,es
https://es.wikisource.org/w/index.php?title=Constitución_de_la_República_Bolivariana_de_Venezuela_(1999)&oldid=1016337,13,es
https://es.wikipedia.org/wiki/en:Florida,458,es
https://es.wikipedia.org/wiki/Universidad_de_Harvard,153,es
https://es.panampost.com/donations/,84,es
https://es.wikibooks.org/w/index.php?title=Wikilibros:Ayuda&oldid=369947,57,es
https://es.wikipedia.org/w/index.php?title=Historia_de_Estados_Unidos&action=edit,9,es
https://es.wikipedia.org/w/index.php?title=Apalaches&oldid=123462856,105,es
https://es.wikipedia.org/w/index.php?title=Río_Misuri&oldid=123658754,206,es
https://es.wikipedia.org/w/index.php?title=Portal:Estados_Unidos_de_América&oldid=120125410,67,es
https://es.wikinews.org/wiki/La_oposici%C3%B3n_se_retira_de_las_elecciones_legislativas_en_Venezuela,29,es
https://es.wikipedia.org/wiki/Sierra_Nevada_(Estados_Unidos),80,es
https://es.wikipedia.org/w/index.php?title=Wikiquote&oldid=123719338,243,es
https://es.wikinews.org/wiki/Special:Search/Categor%C3%ADa:Wikimedia,74,es
https://es.wikipedia.org/w/index.php?title=Autoestima&oldid=43415425,55,es
https://es.wikipedia.org/wiki/r%C3%ADo_Ohio,97,es
https://es.wiktionary.org/w/wiki.phtml?title=Special:Allpages&from=z,7,es
https://es.panampost.com/tag/migracion-venezolana/,103,es
https://es.wiktionary.org/w/wiki.phtml?title=Special:Allpages&from=y,7,es
https://es.wiktionary.org/w/wiki.phtml?title=Special:Allpages&from=x,7,es
https://es.wiktionary.org/w/wiki.phtml?title=Special:Allpages&from=w,7,es
https://es.wiktionary.org/w/wiki.phtml?title=Special:Allpages&from=v,7,es
https://es.wiktionary.org/w/wiki.phtml?title=Special:Allpages&from=u,7,es
https://es.wiktionary.org/w/wiki.phtml?title=Special:Allpages&from=t,7,es
https://es.panampost.com/temas/economia/,183,es
https://es.wiktionary.org/w/wiki.phtml?title=Special:Allpages&from=s,7,es
https://es.panampost.com/karina-martin/2017/08/21/evo-maduro-simon-bolivar/,127,es
https://es.wikiquote.org/wiki/it:Speciale:Statistics,18,es
https://es.wikipedia.org/w/index.php?title=A:IWP&oldid=103348666,10,es
https://es.wiktionary.org/w/wiki.phtml?title=Special:Allpages&from=j,7,es
https://es.wiktionary.org/w/wiki.phtml?title=Special:Allpages&from=i,7,es
https://es.wiktionary.org/w/wiki.phtml?title=Special:Allpages&from=h,7,es
https://es.wikipedia.org/wiki/es:Estados_Unidos_de_Am%C3%A9rica,483,es
https://es.wiktionary.org/w/wiki.phtml?title=Special:Allpages&from=g,7,es
https://es.wiktionary.org/w/wiki.phtml?title=Special:Allpages&from=f,7,es
https://es.wiktionary.org/w/wiki.phtml?title=Special:Allpages&from=e,7,es
https://es.wiktionary.org/w/wiki.phtml?title=Special:Allpages&from=d,7,es
https://es.wiktionary.org/w/wiki.phtml?title=Special:Allpages&from=c,7,es
https://es.wikipedia.org/wiki/es:Wikipedia:Ayuda,202,es
https://es.wiktionary.org/w/wiki.phtml?title=Special:Allpages&from=r,7,es
https://es.wiktionary.org/w/wiki.phtml?title=Special:Allpages&from=q,7,es
https://es.wiktionary.org/w/wiki.phtml?title=Special:Allpages&from=p,7,es
https://es.wiktionary.org/w/wiki.phtml?title=Special:Allpages&from=o,7,es
https://es.wikipedia.org/wiki/ABINIA,23,es
https://es.wiktionary.org/w/wiki.phtml?title=Special:Allpages&from=n,7,es
https://es.wiktionary.org/w/wiki.phtml?title=Special:Allpages&from=m,7,es
https://es.wiktionary.org/w/wiki.phtml?title=Special:Allpages&from=l,7,es
https://es.wikinews.org/wiki/,122,es
https://es.wiktionary.org/w/wiki.phtml?title=Special:Allpages&from=k,7,es
https://es.wiktionary.org/w/wiki.phtml?title=Special:Allpages&from=Z,7,es
https://es.wikipedia.org/w/index.php?title=Océano_Pacífico&oldid=123526040,251,es
https://es.wiktionary.org/w/wiki.phtml?title=Special:Allpages&from=Y,7,es
https://es.wikipedia.org/wiki/Parroquia_San_Juan_Bautista_(Venezuela),25,es
https://es.wiktionary.org/w/wiki.phtml?title=Special:Allpages&from=X,7,es
https://es.wiktionary.org/w/wiki.phtml?title=Special:Allpages&from=W,7,es
https://es.wiktionary.org/w/wiki.phtml?title=Special:Allpages&from=V,7,es
https://es.wiktionary.org/w/wiki.phtml?title=Special:Allpages&from=U,7,es
https://es.wiktionary.org/w/wiki.phtml?title=Special:Allpages&from=T,7,es
https://es.wikipedia.org/w/index.php?title=Campo_de_Gibraltar&oldid=121847899,65,es
https://es.wikipedia.org/wiki/Provincias_de_Espa%C3%B1a,92,es
https://es.wiktionary.org/w/wiki.phtml?title=Special:Allpages&from=S,7,es
https://es.wikipedia.org/wiki/Nueva_Francia,85,es
https://es.wiktionary.org/w/wiki.phtml?title=Special:Allpages&from=b,7,es
https://es.wiktionary.org/w/wiki.phtml?title=Special:Allpages&from=a,7,es
https://es.wikipedia.org/wiki/Adolfo_Lozano_Sidro,23,es
https://es.wikipedia.org/w/index.php?title=Lenguas_altaicas&oldid=120679182,123,es
https://es.wikipedia.org/w/index.php?title=Epidemia_de_neumonía_por_coronavirus_de_2019-2020&oldid=123881890,392,es
https://es.wiktionary.org/w/index.php?title=Estados_Unidos&oldid=4747813,103,es
https://es.wikisource.org/wiki/Portal:Estados_Unidos_de_Am%C3%A9rica,21,es
https://es.wiktionary.org/wiki/Estados_Unidos_de_Am%C3%A9rica,51,es
https://es.wikipedia.org/wiki/es:Mar_Cant%C3%A1brico,32,es
https://es.wikipedia.org/wiki/Acci%C3%B3n_Democr%C3%A1tica,102,es
https://es.wikipedia.org/w/index.php?title=Wikiquote&action=edit,18,es
https://es.wikipedia.org/w/index.php?title=Manhattan_(cóctel)&oldid=122376986,42,es
https://es.wikinews.org/w/index.php?title=Ayuda:Contenidos&oldid=523386,36,es
https://es.vikidia.org/w/index.php?title=España&oldid=128186,9,es
https://es.wikiversity.org/w/index.php?title=Ayuda:Ayuda&oldid=149255,35,es
https://es.wikipedia.org/wiki/es:Idioma_asturiano,120,es
https://es.wikipedia.org/w/index.php?title=Río_Colorado&oldid=123280708,113,es
https://es.wikipedia.org/w/index.php?title=Clima_mediterráneo&oldid=123804205,88,es
https://es.wikipedia.org/w/index.php?title=Crabcake&oldid=119533036,26,es
https://es.wikivoyage.org/wiki/,106,es
https://es.wikipedia.org/w/index.php?title=Fundación_Wikimedia&oldid=123859198,227,es
https://es.youtube.com/watch?v=kH0IgRRgCnk&fmt=18,1,es
https://es.wikipedia.org/wiki/Universidad_Yale,125,es
https://es.m.wikipedia.org/wiki/Monte_Shishaldin#cite_note-1,7,es
https://es.vikidia.org/wiki/Segunda_Guerra_Mundial,6,es
https://es.wikipedia.org/w/index.php?title=Amish&action=edit,17,es
https://es.wikipedia.org/w/index.php?title=A:IWP&redirect=no,8,es
https://es.wikipedia.org/wiki/pelea_con_almohadas,33,es
https://es.wikipedia.org/wiki/Guerra_de_Secesi%C3%B3n,171,es
https://es.wikipedia.org/w/index.php?title=Barack_Obama&oldid=122764451,399,es
https://es.vikidia.org/wiki/Golfo_de_México,6,es
https://es.wikipedia.org/wiki/Lenguas_altaicas,121,es
https://es.wikipedia.org/w/index.php?title=Ayuda:Contenidos&oldid=123057291,204,es
https://es.wikiquote.org/wiki/hu:Special:Statistics,8,es
https://es.wikivoyage.org/wiki/Ayuda:Interfaz_de_Wikiviajes,16,es
https://es.wikiquote.org/wiki/Barack_Obama,56,es
https://es.wikipedia.org/wiki/apple_pie,51,es
https://es.wikipedia.org/wiki/Elecciones_presidenciales_de_Estados_Unidos_de_2012,86,es
https://es.wikipedia.org/wiki/Isa_Dobles,20,es
https://es.wikivoyage.org/wiki/Avisos_de_viaje,15,es
https://es.wikipedia.org/wiki/Barack_Obama,397,es
https://es.wikipedia.org/w/index.php?title=Golfo_de_México&oldid=121212062,138,es
https://es.wikipedia.org/wiki/es:Mar_Mediterr%C3%A1neo,249,es
https://es.wikipedia.org/wiki/OEI,36,es
https://es.wikipedia.org/wiki/Agust%C3%ADn_Arg%C3%BCelles,44,es
https://es.wikinews.org/wiki/Special:Search/Espa%C3%B1a,89,es
https://es.wiktionary.org/w/index.php?title=Florida&oldid=4237028,38,es
https://es.wiktionary.org/wiki/Wikcionario:Copyrights,45,es
https://es.wikipedia.org/wiki/27_de_junio,199,es
https://es.wikiquote.org/wiki/fa:Special:Statistics,8,es
https://es.wikivoyage.org/wiki/Priego_de_C%C3%B3rdoba,19,es
https://es.vikidia.org/w/index.php?title=Estados_Unidos&oldid=115766,8,es
https://es.wikipedia.org/w/index.php?title=Wikipedia:HOUND&redirect=no,8,es
https://es.wikipedia.org/w/index.php?title=Clam_chowder&oldid=118706601,35,es
https://es.wikipedia.org/wiki/Niceto_Alcal%C3%A1-Zamora_y_Castillo,29,es
https://es.wikiversity.org/wiki/Espa%C3%B1ol_para_hablantes_de_otras_lenguas,42,es
https://es.wikipedia.org/w/index.php?title=Amish&oldid=123426488,103,es
https://es.wikipedia.org/wiki/es:Idioma_fala,44,es
https://es.wikiquote.org/wiki/de:Hauptseite,134,es
https://es.wikinews.org/w/index.php?title=Categor%C3%ADa:Florida&action=purge,8,es
https://es.wikisource.org/wiki/Autor:Barack_Obama,37,es
https://es.wikipedia.org/wiki/Whisky_de_Bourbon,59,es
https://es.wikipedia.org/wiki/Portal:Venezuela,35,es
https://es.wikiquote.org/w/index.php?title=Wikipedia&oldid=366955,45,es
https://es.wikipedia.org/wiki/MLB,83,es
https://es.wikipedia.org/w/index.php?title=Guerra_de_Secesión&oldid=123875416,173,es
https://es.wikipedia.org/w/index.php?title=Wikipedia:Acoso&oldid=120913237,48,es
https://es.panampost.com/contactar/,64,es
https://es.wikipedia.org/wiki/r%C3%ADo_Hudson,101,es
https://es.wikiquote.org/wiki/zh:Special:Statistics,9,es
https://es.wikivoyage.org/wiki/es:P%C3%A1gina_principal,106,es
https://es.wikipedia.org,106,es
https://es.panampost.com/author/daniel-raisbeck/,158,es
https://es.wikibooks.org/wiki/Historia_de_los_Estados_Unidos_de_Am%C3%A9rica,20,es
https://es.wikiquote.org/w/index.php?title=Fundación_Wikimedia&oldid=311158,26,es
https://es.wikipedia.org/wiki/cerveza_de_ra%C3%ADz,41,es
https://es.wikipedia.org/wiki/Cena_de_Acci%C3%B3n_de_Gracias,21,es
https://es.wiktionary.org/wiki/Portada,330,es
https://es.wikipedia.org/wiki/Bernardo_L%C3%B3pez_Garc%C3%ADa,20,es
https://es.wikiquote.org/w/index.php?title=España&oldid=391431,51,es
https://es.wikipedia.org/wiki/Terra,30,es
https://es.vikidia.org/wiki/España,9,es
https://es.wikiquote.org/wiki/tr:Special:Statistics,7,es
https://es.wikipedia.org/wiki/pen%C3%ADnsula_ib%C3%A9rica,155,es
https://es.wikiquote.org/wiki/Estados_Unidos_de_Am%C3%A9rica,46,es
https://es.wikinews.org/w/index.php?title=Portada&oldid=675162,125,es
https://es.wikiquote.org/wiki/sk:Special:Statistics,8,es
https://es.wikipedia.org/w/index.php?title=Wikipedia&oldid=123624344,441,es
https://es.wikipedia.org/wiki/Herreruela,42,es
https://es.wikipedia.org/w/index.php?title=Wikipedia:Cuenta_de_propósito_particular&oldid=105960333,26,es
https://es.panampost.com/temas/america-del-norte/estados-unidos/,180,es
https://es.wikipedia.org/w/index.php?title=Bible_Belt&oldid=117979000,48,es
https://es.wikipedia.org/wiki/Epidemia_de_neumon%C3%ADa_por_coronavirus_de_2019-2020,390,es
https://es.wikisource.org/wiki/Wikisource:Ayuda,67,es
https://es.wikinews.org/wiki/Fundaci%C3%B3n_Wikimedia_aprueba_cap%C3%ADtulo_Wikimedia_Espa%C3%B1a,20,es
https://es.wikipedia.org/wiki/United_States,483,es
https://es.panampost.com/jovel-alvarez/2020/02/26/costa-rica-el-curioso-caso-del-presidente-irrelevante/,127,es
https://es.wiktionary.org/w/index.php?title=Wikipedia&oldid=4863470,75,es
https://es.wikipedia.org/wiki/Mozos_de_Escuadra,45,es
https://es.wikivoyage.org/wiki/Portada,106,es
https://es.wikiquote.org/wiki/uk:Special:Statistics,8,es
https://es.wikipedia.org/wiki/Primera_Guerra_Mundial,319,es
https://es.wikipedia.org/w/index.php?title=Isla_de_Margarita&oldid=122207703,68,es
https://es.wikipedia.org/wiki/Elecci%C3%B3n_Parlamentaria_de_Venezuela_(2005),21,es
https://es.wikinews.org/w/index.php?title=Categoría:Wikipedia&oldid=485177,66,es
https://es.wikipedia.org/w/index.php?title=Halterofilia&oldid=123797329,102,es
https://es.wikipedia.org/wiki/idioma_navajo,90,es
https://es.wikipedia.org/wiki/es:organizaci%C3%B3n_territorial_de_Espa%C3%B1a,39,es
https://es.panampost.com/temas/videos/podcast/,179,es
https://es.wikivoyage.org/wiki/Estados_Unidos,147,es
https://es.wikipedia.org/wiki/r%C3%ADo_Misisipi,189,es
https://es.wikipedia.org/wiki/es:Idioma_aragon%C3%A9s,131,es
https://es.wikibooks.org/wiki/,146,es
https://es.wikinews.org/wiki/Espa%C3%B1a,89,es
https://es.panampost.com/temas/america-del-sur/brasil/,184,es
https://es.wikinews.org/wiki/Categor%C3%ADa:27_de_junio,16,es
https://es.wikipedia.org/w/index.php?title=Estados_Unidos&action=info,38,es
https://es.wikipedia.org/w/index.php?title=Geografía_de_Estados_Unidos&oldid=119254366,64,es
https://es.wikipedia.org/w/index.php?title=Tundra&oldid=123835216,131,es
https://es.wikisource.org/wiki/es:Venezuela,20,es
https://es.wikipedia.org/wiki/Anexo:Aeropuertos_de_Venezuela,16,es
https://es.wikinews.org/wiki/Special:Search/Categor%C3%ADa:Huracanes,11,es
https://es.wikipedia.org/w/index.php?title=Wikipedia:RL&redirect=no,8,es
https://es.panampost.com/temas/legislacion/ideologia/,182,es
https://es.wiktionary.org/wiki/,330,es
https://es.wikiquote.org/wiki/Venezuela,63,es
https://es.wikipedia.org/w/index.php?title=Museo_Nacional_de_Historia_Estadounidense&oldid=122393312,46,es
https://es.wikipedia.org/w/index.php?title=Río_Hudson&oldid=119482690,103,es
https://es.wikipedia.org/w/index.php?title=Ayuda:Interfaz_de_Wikipedia&oldid=111208335,46,es
https://es.wikipedia.org/wiki/es:Idioma_catal%C3%A1n,246,es
https://es.wikipedia.org/w/index.php?title=Cerveza_de_raíz&oldid=121864707,43,es
https://es.wikipedia.org/w/index.php?title=Grandes_Ligas_de_B%C3%A9isbol&action=edit,19,es
https://es.wikipedia.org/wiki/Paradores_de_Turismo,40,es
https://es.wikipedia.org/w/index.php?title=Chili_con_carne&oldid=123880277,47,es
https://es.wikipedia.org/wiki/mar_Mediterr%C3%A1neo,249,es
https://es.wikipedia.org/wiki/es:Euskera,203,es
https://es.wikiquote.org/wiki/pt:Special:Statistics,8,es
https://es.wikinews.org/w/index.php?title=Categor%C3%ADa:Florida&from=0,63,es
https://es.wikipedia.org/wiki/es:Idioma_cal%C3%B3,54,es
https://es.wikisource.org/w/index.php?title=Portal:España&oldid=1009503,24,es
https://es.wiktionary.org/w/index.php?title=portada&oldid=4580840,48,es
https://es.wikipedia.org/w/index.php?title=Amor&oldid=19624798,169,es
https://es.wikiquote.org/w/index.php?title=Portada&action=purge,9,es
https://es.wikinews.org/w/index.php?title=Categor%C3%ADa:Florida&from=A,63,es
https://es.wikinews.org/w/index.php?title=Categor%C3%ADa:Florida&from=C,63,es
https://es.wikinews.org/w/index.php?title=Categor%C3%ADa:Florida&from=B,63,es
https://es.wikinews.org/w/index.php?title=Categor%C3%ADa:Florida&from=E,63,es
https://es.wikipedia.org/wiki/Museo_Americano_de_Historia_Natural,79,es
https://es.wikinews.org/w/index.php?title=Categor%C3%ADa:Florida&from=D,63,es
https://es.wikiquote.org/wiki/Mitt_Romney,21,es
https://es.wikinews.org/w/index.php?title=Categor%C3%ADa:Florida&from=G,63,es
https://es.wikinews.org/w/index.php?title=Categor%C3%ADa:Florida&from=F,63,es
https://es.wikipedia.org/wiki/Casa_Blanca,147,es
https://es.wikipedia.org/wiki/Fiebre_amarilla,107,es
https://es.wikinews.org/w/index.php?title=Categor%C3%ADa:Florida&from=Q,63,es
https://es.wikinews.org/w/index.php?title=Categor%C3%ADa:Espa%C3%B1a&from=K,89,es
https://es.wikinews.org/w/index.php?title=Categor%C3%ADa:Florida&from=P,63,es
https://es.wikinews.org/w/index.php?title=Categor%C3%ADa:Espa%C3%B1a&from=J,89,es
https://es.wikinews.org/w/index.php?title=Categor%C3%ADa:Florida&from=S,63,es
https://es.wikinews.org/w/index.php?title=Categor%C3%ADa:Espa%C3%B1a&from=M,89,es
https://es.wikinews.org/wiki/Categor%C3%ADa:Wikipedia,65,es
https://es.wikinews.org/w/index.php?title=Categor%C3%ADa:Florida&from=R,63,es
https://es.wikipedia.org/w/index.php?title=Wikipedia:CPP&redirect=no,8,es
https://es.wikinews.org/w/index.php?title=Categor%C3%ADa:Espa%C3%B1a&from=L,89,es
https://es.wikinews.org/w/index.php?title=Categor%C3%ADa:Florida&from=U,63,es
https://es.wikinews.org/w/index.php?title=Categor%C3%ADa:Espa%C3%B1a&from=G,89,es
https://es.wikinews.org/w/index.php?title=Categor%C3%ADa:Florida&from=T,63,es
https://es.wikinews.org/w/index.php?title=Categor%C3%ADa:Espa%C3%B1a&from=F,89,es
https://es.wikinews.org/w/index.php?title=Categor%C3%ADa:Florida&from=W,63,es
https://es.wikinews.org/w/index.php?title=Categor%C3%ADa:Espa%C3%B1a&from=I,89,es
https://es.wikinews.org/w/index.php?title=Categor%C3%ADa:Florida&from=V,63,es
https://es.wikinews.org/w/index.php?title=Categor%C3%ADa:Espa%C3%B1a&from=H,89,es
https://es.wikinews.org/w/index.php?title=Categor%C3%ADa:Florida&from=I,63,es
https://es.wikinews.org/w/index.php?title=Categor%C3%ADa:Espa%C3%B1a&from=C,89,es
https://es.wikinews.org/w/index.php?title=Categor%C3%ADa:Florida&from=H,63,es
https://es.wikinews.org/w/index.php?title=Categor%C3%ADa:Espa%C3%B1a&from=B,89,es
https://es.wikinews.org/w/index.php?title=Categor%C3%ADa:Florida&from=K,63,es
https://es.wikinews.org/w/index.php?title=Categor%C3%ADa:Espa%C3%B1a&from=E,89,es
https://es.wikinews.org/w/index.php?title=Categor%C3%ADa:Florida&from=J,63,es
https://es.wikinews.org/w/index.php?title=Categor%C3%ADa:Espa%C3%B1a&from=D,89,es
https://es.wikinews.org/w/index.php?title=Categor%C3%ADa:Florida&from=M,63,es
https://es.wikinews.org/w/index.php?title=Categor%C3%ADa:Florida&from=L,63,es
https://es.wikinews.org/w/index.php?title=Categor%C3%ADa:Florida&from=O,63,es
https://es.wikinews.org/w/index.php?title=Categor%C3%ADa:Espa%C3%B1a&from=A,89,es
https://es.wikinews.org/w/index.php?title=Categor%C3%ADa:Florida&from=N,63,es
https://es.wikipedia.org/wiki/Guerra_Fr%C3%ADa,187,es
https://es.wikipedia.org/wiki/Ayuda:Contenidos,202,es
https://es.wikipedia.org/wiki/Partido_Republicano_(Estados_Unidos),137,es
https://es.wikinews.org/w/index.php?title=Categor%C3%ADa:Florida&from=Y,63,es
https://es.wikinews.org/w/index.php?title=Categor%C3%ADa:Florida&from=X,63,es
https://es.wikipedia.org/wiki/Halterofilia,100,es
https://es.wikinews.org/w/index.php?title=Categor%C3%ADa:Florida&from=Z,63,es
https://es.wikiquote.org/wiki/Portada,152,es
https://es.wikipedia.org/w/index.php?title=Primera_Guerra_Mundial&oldid=123781563,321,es
https://es.wikinews.org/w/index.php?title=Categor%C3%ADa:Espa%C3%B1a&from=0,89,es
https://es.wikiversity.org/wiki/,55,es
https://es.wikisource.org/wiki/Constituci%C3%B3n_de_la_Rep%C3%BAblica_Bolivariana_de_Venezuela_(1999)#Capítulo_I._Del_Territorio_y_demás_Espacios_Geográficos,13,es
https://es.wikipedia.org/w/index.php?title=Universidad_de_Columbia&oldid=122014325,118,es
https://es.wikivoyage.org/w/index.php?title=Ayuda:Interfaz_de_Wikiviajes&oldid=128159,16,es
https://es.wikipedia.org/w/index.php?title=Wikipedia:RIP&redirect=no,8,es
https://es.wikipedia.org/w/index.php?title=Idioma_hawaiano&oldid=123873045,115,es
https://es.wikipedia.org/wiki/cintur%C3%B3n_de_fuego_del_Pac%C3%ADfico,92,es
https://es.wikivoyage.org/w/index.php?title=Avisos_de_viaje&oldid=147086,15,es
https://es.panampost.com/,162,es
https://es.wikipedia.org/w/index.php?title=Universidad_Stanford&oldid=122698309,143,es
https://es.wikipedia.org/wiki/Wikipedia:Caf%C3%A9/Portal/Archivo/Noticias/2010/04#Open_Data_Euskadi,40,es
https://es.wikipedia.org/wiki/es:Aran%C3%A9s,61,es
https://es.wikipedia.org/w/index.php?title=Wikipedia:Portada&oldid=123425818,108,es
https://es.wikipedia.org/wiki/California,252,es
https://es.wikipedia.org/wiki/Portada,10,es
https://es.wikipedia.org/wiki/Wikipedia:Derechos_de_autor,186,es
https://es.vikidia.org/w/index.php?title=Estados_Unidos&mobileaction=toggle_view_mobile,5,es
https://es.wikipedia.org/w/index.php?title=Museo_Solomon_R._Guggenheim&oldid=122032954,88,es
https://es.wikiversity.org/w/index.php?title=Portada&oldid=153277,55,es
https://es.wikipedia.org/wiki/Isla_de_Margarita,66,es
https://es.wikipedia.org/wiki/es:Constituci%C3%B3n_espa%C3%B1ola_de_1978,61,es
https://es.wikiquote.org/wiki/de:Spezial:Statistics,8,es
https://es.wikisource.org/wiki/Gram%C3%A1tica_de_la_Lengua_Castellana,11,es
https://es.vikidia.org/wiki/Estados_Unidos,8,es
https://es.panampost.com/temas/videos/,179,es
https://es.panampost.com/temas/america-central/guatemala/,183,es
https://es.wikipedia.org/wiki/provincia_de_C%C3%A1ceres,95,es
https://es.wikivoyage.org/wiki/Wikiviajes:Derechos_de_autor,48,es
https://es.wikipedia.org/wiki/Fundaci%C3%B3n_Wikimedia,225,es
https://es.panampost.com/temas/america-central/,175,es
https://es.youtube.com/watch?v=3hPzAMnTFnU,1,es
https://es.wikibooks.org/wiki/Historia_de_Espa%C3%B1a,16,es
https://es.panampost.com/temas/america-central/panama/,183,es
https://es.wikipedia.org/w/index.php?title=Museo_Americano_de_Historia_Natural&oldid=117171550,81,es
https://es.wikisource.org/w/index.php?title=Portal:Venezuela&oldid=849413,20,es
https://es.wikipedia.org/w/index.php?title=Historia_de_los_Estados_Unidos_de_América&oldid=123879187,120,es
https://es.wikipedia.org/w/index.php?title=Segunda_Guerra_Mundial&oldid=123450680,256,es
https://es.wikipedia.org/w/index.php?title=Cayo&oldid=123623473,32,es
https://es.wikipedia.org/w/index.php?title=2003&oldid=123455427,226,es
https://es.wikipedia.org/wiki/Manhattan_(c%C3%B3ctel),40,es
https://es.wikipedia.org/wiki/Universidad_Stanford,141,es
https://es.wikipedia.org/wiki/Atletismo_de_fuerza,23,es
https://es.panampost.com/temas/caribe/haiti/,182,es
https://es.wikisource.org/w/index.php?title=Portada&oldid=1041620,117,es
https://es.wikipedia.org/wiki/Estados_Unidos,483,es
https://es.panampost.com/felipe-fernandez/2017/08/16/un-soldado-muerto-dejo-ataque-de-reducto-de-la-guerrilla-del-epl-en-colombia/,122,es
https://es.wikivoyage.org/w/index.php?title=Venezuela&oldid=158493,60,es
https://es.wikinews.org/wiki/Categor%C3%ADa:Venezuela,79,es
https://es.wikipedia.org/wiki/punto_caliente_(geolog%C3%ADa),60,es
https://es.wikinews.org/w/index.php?title=Categor%C3%ADa:Espa%C3%B1a&action=purge,8,es
https://es.wiktionary.org/wiki/tornado,150,es
https://es.wikipedia.org/wiki/Hugo_Ch%C3%A1vez,281,es
https://es.wikipedia.org/w/index.php?title=Guerra_Fría&oldid=123835989,189,es
https://es.wikipedia.org/?diff=prev&oldid=43365602,61,es
https://es.wikiquote.org/wiki/ru:%D0%A1%D0%BB%D1%83%D0%B6%D0%B5%D0%B1%D0%BD%D0%B0%D1%8F:Statistics,8,es
https://es.panampost.com/autores/,163,es
https://es.wikipedia.org/w/index.php?title=Cena_de_Acción_de_Gracias&oldid=121933511,23,es
https://es.wikipedia.org/wiki/Movimiento_Wikimedia,52,es
https://es.wiktionary.org/wiki/Wikipedia,75,es
https://es.wikivoyage.org/w/index.php?title=Página_principal&oldid=154049,106,es
https://es.wikipedia.org/wiki/Callinectes_sapidus,54,es
https://es.wikipedia.org/w/index.php?title=MoMA&oldid=123655830,88,es
https://es.wikipedia.org/wiki/Ser_de_Espa%C3%B1a,35,es
https://es.wikipedia.org/w/index.php?title=Punto_caliente_(geología)&oldid=120010142,62,es
https://es.wikipedia.org/wiki/Estados_Confederados,132,es
https://es.panampost.com/tag/crisis-en-venezuela/,158,es
https://es.wikivoyage.org/wiki/Estados_Unidos_de_Am%C3%A9rica,147,es
https://es.wikinews.org/w/index.php?title=Categor%C3%ADa:Wikipedia&action=purge,8,es
https://es.panampost.com/daniel-raisbeck/2017/08/21/ola-migratoria-venezolana-cucuta/,136,es
https://es.wikipedia.org/w/index.php?title=Museo_Nacional_del_Aire_y_el_Espacio_de_Estados_Unidos&oldid=116962807,57,es
https://es.wikipedia.org/w/index.php?title=Wiki&oldid=123243634,159,es
https://es.wikipedia.org/wiki/Sim%C3%B3n_Bol%C3%ADvar,245,es
https://es.wikipedia.org/wiki/es:Estatuto_de_Autonom%C3%ADa_de_la_Comunidad_Valenciana,14,es
https://es.wikipedia.org/w/index.php?title=Tornado&oldid=123504144,217,es
https://es.wikisource.org/wiki/Tratado_de_Versalles_(1919)#ANEXO,17,es
https://es.wikipedia.org/w/index.php?title=27_de_junio&oldid=123297784,201,es
https://es.wikiquote.org/wiki/portada,152,es
https://es.wikipedia.org/wiki/Wikimedia,225,es
https://es.panampost.com/temas/legislacion/politica/,178,es
https://es.wiktionary.org/wiki/Venezuela,90,es
https://es.wikipedia.org/wiki/estrecho_de_Bering,127,es
https://es.panampost.com/marcelo-duclos/2020/02/27/convertibilidad-argentina/,123,es
https://es.vikidia.org/wiki/Dólar_estadounidense,6,es
https://es.wikipedia.org/w/index.php?title=Misuri&oldid=122406814,205,es
https://es.wikipedia.org/w/index.php?title=Tarta_de_manzana&oldid=121511064,53,es
https://es.wikipedia.org/wiki/es:Idioma_espa%C3%B1ol,536,es
https://es.wikipedia.org/w/index.php?title=A:SOS&redirect=no,8,es
https://es.wikipedia.org/w/index.php?title=Usuario_Discusi%C3%B3n%3ADalton2&action=historysubmit&diff=22141223&oldid=22095744,33,es
https://es.wikipedia.org/?diff=43290714,56,es
https://es.vikidia.org/wiki/Océano_Atlántico,6,es
https://es.climate-data.org/america-del-sur/chile/viii-region-del-biobio/concepcion-3984/,2,es
https://es.wikinews.org/w/index.php?title=Portada&action=purge,8,es
https://es.vikidia.org/wiki/Océano_Pacífico,6,es
https://es.wikipedia.org/w/index.php?title=Compra_de_Luisiana&oldid=121061355,71,es
https://es.wikiquote.org/wiki/bg:Main_Page,137,es
https://es.wikipedia.org/wiki/Cuerpo_Nacional_de_Polic%C3%ADa_(Espa%C3%B1a),39,es
https://es.wikipedia.org/wiki/Mitt_Romney,142,es
https://es.wikipedia.org/wiki/Coney_Island,57,es
https://es.wikiquote.org/wiki/,152,es
https://es.wikipedia.org/wiki/National_Mall,58,es
https://es.wikipedia.org/wiki/monta%C3%B1as_Rocosas,157,es
https://es.wiktionary.org/wiki/Wikcionario:Ayuda,63,es
https://es.wikipedia.org/w/index.php?title=Magma&oldid=123308041,111,es
https://es.wikipedia.org/wiki/Campo_de_Gibraltar,63,es
https://es.wikipedia.org/w/index.php?title=Atentados_del_11_de_septiembre_de_2001&oldid=123578525,221,es
https://es.wikipedia.org/wiki/Carabobo,108,es
https://es.wikipedia.org/wiki/BBC_News,53,es
https://es.wikipedia.org/wiki/Museo_Nacional_de_Historia_Natural_de_los_Estados_Unidos,61,es
https://es.wikipedia.org/w/index.php?title=Instituto_Smithsoniano&oldid=123821476,88,es
https://es.wikinews.org/wiki/Special:Search/Venezuela,79,es
https://es.panampost.com/sabrina-martin/2017/08/02/colombia-habilita-centro-de-atencion-en-frontera-ante-avalancha-de-venezolanos/,122,es
https://es.wikipedia.org/w/index.php?title=Venezuela&action=history,10,es
https://es.wikiquote.org/w/index.php?title=Portada&oldid=392484,152,es
https://es.wikipedia.org/wiki/Trece_Colonias,99,es
https://es.wikiquote.org/wiki/pt:P%C3%A1gina_principal,145,es
https://es.wikipedia.org/wiki/Anexo:Efem%C3%A9rides_en_Venezuela,13,es
https://es.wikipedia.org/wiki/Anexo:Monumentos_naturales_de_Venezuela,13,es
https://es.wikinews.org/wiki/Special:Search/Barack_Obama,68,es
https://es.panampost.com/daniel-raisbeck/2017/08/21/ola-migratoria-venezolana-cucuta/#disqus_thread,136,es
https://es.wikipedia.org/w/index.php?title=Cadena_costera_del_Pacífico&oldid=120304084,54,es
https://es.wikipedia.org/w/index.php?title=Wikipedia:DR&redirect=no,8,es
https://es.wikipedia.org/wiki/es:estrecho_de_Bering,127,es
https://es.wikipedia.org/wiki/Barinas_(estado),113,es
https://es.wiktionary.org/wiki/Wikcionario:Portada,330,es
https://es.wikinews.org/w/index.php?title=Categoría:España&oldid=563444,90,es
https://es.wiktionary.org/w/wiki.phtml?title=Special:Allpages&from=É,7,es
https://es.wikipedia.org/wiki/Ayuda:C%C3%B3mo_se_edita_una_p%C3%A1gina#Secciones,156,es
https://es.wiktionary.org/w/wiki.phtml?title=Special:Allpages&from=Ñ,7,es
https://es.wikipedia.org/wiki/Lucha_(deporte),120,es
https://es.wikipedia.org/wiki/Amazonas_(estado_de_Venezuela),92,es
https://es.wikipedia.org/wiki/es:Estatuto_de_autonom%C3%ADa_de_Catalu%C3%B1a,14,es
https://es.panampost.com/temas/america-del-sur/chile/,184,es
https://es.wiktionary.org/w/wiki.phtml?title=Special:Allpages&from=Í,7,es
https://es.panampost.com/orlando-avendano/2017/08/01/maria-corina-transicion-4-pasos/,128,es
https://es.wikipedia.org/w/index.php?title=Dólar_estadounidense&oldid=123603559,187,es
https://es.wikisource.org/wiki/Portada,117,es
https://es.panampost.com/temas/america-del-sur/argentina/,184,es
https://es.wikipedia.org/wiki/Carlos_Soublette,40,es
https://es.wikipedia.org/w/index.php?title=Aramburu_Topete&oldid=43284735,15,es
https://es.wikipedia.org/wiki/Wikipedia:Ayuda,202,es
https://es.wiktionary.org/w/wiki.phtml?title=Special:Allpages&from=Á,7,es
https://es.wikipedia.org/wiki/Lila_Tretikov,67,es
https://es.wikiquote.org/w/index.php?title=Venezuela&oldid=361444,63,es
https://es.wikipedia.org/wiki/Usuario_Discusi%C3%B3n:Francisco_valera#Bio-stubs,48,es
https://es.wikisource.org/wiki/Venezuela,20,es
https://es.wikipedia.org/w/index.php?title=Río_Ohio&oldid=123414053,99,es
https://es.panampost.com/temas/america-central/honduras/,183,es
https://es.wikipedia.org/wiki/Linares_de_la_Sierra,47,es
https://es.panampost.com/elena-toledo/2017/08/21/siria-el-salvador-desplazamiento/,123,es
https://es.wikipedia.org/w/index.php?title=Cordillera_de_las_Cascadas&oldid=122396992,107,es
https://es.wikipedia.org/wiki/clam_chowder,33,es
https://es.wikinews.org/w/index.php?title=Categor%C3%ADa:Estados_Unidos&action=purge,8,es
https://es.wikipedia.org/wiki/Wikipedia:Atajos,95,es
https://es.wikipedia.org/wiki/atentados_del_11_de_septiembre_de_2001,219,es
https://es.panampost.com/temas/caribe/jamaica/,181,es
https://es.wikipedia.org/wiki/Guyana,266,es
https://es.panampost.com/orlando-avendano/2020/02/27/el-caracazo-empezo-en-todos-lados/#disqus_thread,119,es
https://es.wikibooks.org/wiki/Wikilibros:Ayuda,57,es
https://es.wikipedia.org/w/index.php?title=Estados+Unidos&action=history,12,es
https://es.wikipedia.org/w/index.php?title=España&oldid=123568740,409,es
https://es.wikipedia.org/w/index.php?title=Linares_de_la_Sierra&oldid=121622039,49,es
https://es.wikiquote.org/w/index.php?title=Ayuda:Contenidos&oldid=391698,63,es
https://es.wikipedia.org/w/index.php?title=Estrecho_de_Bering&oldid=123170070,129,es
https://es.wiktionary.org/w/wiki.phtml?title=Special:Allpages&from=ú,7,es
https://es.wikipedia.org/w/index.php?title=Wikipedia:WIKIHOUNDING&redirect=no,8,es
https://es.wikipedia.org/w/index.php?title=Estados_Confederados_de_América&oldid=123288785,134,es
https://es.wiktionary.org/w/wiki.phtml?title=Special:Allpages&from=ó,7,es
https://es.wikiversity.org/wiki/Ayuda:Ayuda,35,es
https://es.wiktionary.org/wiki/Estados_Unidos,103,es
https://es.wikipedia.org/w/index.php?title=Whisky_de_Bourbon&oldid=118768306,61,es
https://es.wikinews.org/wiki/Estados_Unidos,77,es
https://es.wikiquote.org/wiki/it:Pagina_principale,156,es
https://es.wikipedia.org/wiki/Polic%C3%ADa_Foral_de_Navarra,34,es
https://es.wikipedia.org/wiki/es:Venezuela,405,es
https://es.panampost.com/temas/noticias/,183,es
https://es.wikipedia.org/wiki/es:dominio_p%C3%BAblico,114,es
https://es.wiktionary.org/w/wiki.phtml?title=Special:Allpages&from=é,7,es
https://es.wikipedia.org/wiki/Bible_Belt,46,es
https://es.wikipedia.org/wiki/mar_Caribe,209,es
https://es.wikipedia.org/w/index.php?title=Casa_Blanca&oldid=123878531,149,es
https://es.wiktionary.org/w/wiki.phtml?title=Special:Allpages&from=ñ,7,es
https://es.wikipedia.org/wiki/nl:Venezuela,262,es
https://es.wiktionary.org/w/wiki.phtml?title=Special:Allpages&from=í,7,es
https://es.wiktionary.org/w/wiki.phtml?title=Special:Allpages&from=Ú,7,es
https://es.wikipedia.org/w/index.php?title=Cinturón_de_Fuego_del_Pacífico&oldid=123470392,94,es
https://es.wikipedia.org/w/index.php?title=Salsa_de_arándanos&oldid=117913589,25,es
https://es.wiktionary.org/w/wiki.phtml?title=Special:Allpages&from=Ó,7,es
https://es.wikipedia.org/wiki/Wikinoticias,132,es
https://es.wiktionary.org/w/wiki.phtml?title=Special:Allpages&from=á,7,es
https://es.wikinews.org/wiki/Ayuda:Contenidos,35,es
https://es.wikipedia.org/wiki/ICAO,122,es
https://es.wikisource.org/w/index.php?title=Portal:Estados_Unidos_de_América&oldid=849367,21,es
https://es.wikipedia.org/w/index.php?title=Wikipedia:Café/Portal/Archivo/Noticias/2011/02&oldid=103839097,120,es
https://es.wikinews.org/wiki/Special:Search/Categor%C3%ADa:Ciclones_tropicales,47,es
https://es.wikipedia.org/wiki/Museo_Metropolitano_de_Arte,102,es
https://es.panampost.com/orlando-avendano/2020/02/27/el-caracazo-empezo-en-todos-lados/,119,es
https://es.wikiquote.org/wiki/tr:Ana_Sayfa,132,es
https://es.wikipedia.org/w/index.php?title=Tiempo_universal_coordinado&action=purge,8,es
https://es.wikipedia.org/w/index.php?title=Wikipedia:Caf%C3%A9/Portal/Archivo/Noticias/Actual&diff=44484601&oldid=44482656,79,es
https://es.wikipedia.org/w/index.php?title=Lucha_(deporte)&oldid=123530284,122,es
https://es.wikinews.org/wiki/Portada,122,es
https://es.wikipedia.org/wiki/es:Estatuto_de_Autonom%C3%ADa_de_Galicia,23,es
https://es.wikipedia.org/wiki/PDVSA,152,es
https://es.wikinews.org/w/index.php?title=Portada&stableid=675162,122,es
https://es.wikipedia.org/wiki/Vargas,73,es
https://es.vikidia.org/wiki/Barack_Obama,6,es
https://es.wikisource.org/wiki/Diccionario_de_la_lengua_castellana._Tomo_I,12,es
https://es.wikipedia.org/wiki/Batalla_de_Las_Queseras_del_Medio,15,es
https://es.wikinews.org/wiki/Venezuela,79,es
https://es.wikiquote.org/wiki/fr:Accueil,132,es
https://es.wikivoyage.org/wiki/Venezuela,60,es
https://es.panampost.com/temas/caribe/republica-dominicana/,182,es
https://es.wikipedia.org/wiki/NFL,105,es
https://es.wikipedia.org/wiki/Misisipi,207,es
https://es.wikipedia.org/wiki/Plus_Ultra_(lema),39,es
https://es.wikiquote.org/wiki/Segunda_Guerra_Mundial,34,es
https://es.wikinews.org/w/index.php?title=Categor%C3%ADa:Venezuela&from=W,79,es
https://es.wikinews.org/w/index.php?title=Categor%C3%ADa:Venezuela&from=V,79,es
https://es.wikinews.org/w/index.php?title=Categor%C3%ADa:Venezuela&from=U,79,es
https://es.wikibooks.org/wiki/Wikilibros:Derechos_de_autor,42,es
https://es.wikinews.org/w/index.php?title=Categor%C3%ADa:Venezuela&from=T,79,es
https://es.wikinews.org/w/index.php?title=Categor%C3%ADa:Venezuela&from=Z,79,es
https://es.wikisource.org/wiki/Constituci%C3%B3n_venezolana_de_1999#Capítulo_III._Del_Poder_Público_Estadal,13,es
https://es.wikinews.org/w/index.php?title=Categor%C3%ADa:Venezuela&from=Y,79,es
https://es.wikinews.org/w/index.php?title=Categor%C3%ADa:Venezuela&from=X,79,es
https://es.panampost.com/temas/america-del-sur/bolivia/,184,es
https://es.wikinews.org/w/index.php?title=Categor%C3%ADa:Venezuela&from=O,79,es
https://es.wikinews.org/w/index.php?title=Categor%C3%ADa:Venezuela&from=N,79,es
https://es.panampost.com/orlando-avendano/2017/06/14/luisa-ortega-diaz-puente-de-plata/,130,es
https://es.wikinews.org/w/index.php?title=Categor%C3%ADa:Venezuela&from=M,79,es
https://es.wikinews.org/w/index.php?title=Categor%C3%ADa:Venezuela&from=L,79,es
https://es.wikinews.org/w/index.php?title=Categor%C3%ADa:Venezuela&from=S,79,es
https://es.wikinews.org/w/index.php?title=Especial:Registro&type=review&page=Portada,8,es
https://es.wikipedia.org/wiki/Misuri,203,es
https://es.vikidia.org/w/index.php?title=Wikipedia&oldid=122562,6,es
https://es.wikinews.org/w/index.php?title=Categor%C3%ADa:Venezuela&from=R,79,es
https://es.wikinews.org/w/index.php?title=Categor%C3%ADa:Venezuela&from=Q,79,es
https://es.wikiquote.org/wiki/Wikiquote:Pol%C3%ADtica_de_derechos_de_autor,48,es
https://es.wikinews.org/w/index.php?title=Categor%C3%ADa:Venezuela&from=P,79,es
https://es.wikivoyage.org/wiki/Florida,38,es
https://es.wikinews.org/w/index.php?title=Categor%C3%ADa:Venezuela&action=purge,8,es
https://es.wikinews.org/w/index.php?title=Categor%C3%ADa:Venezuela&from=G,79,es
https://es.wikipedia.org/w/index.php?title=Venezuela&oldid=123829303,407,es
https://es.wikinews.org/w/index.php?title=Categor%C3%ADa:Venezuela&from=F,79,es
https://es.wikinews.org/w/index.php?title=Categor%C3%ADa:Venezuela&from=E,79,es
https://es.wikipedia.org/wiki/Wikcionario,207,es
https://es.wikipedia.org/wiki/hurac%C3%A1n,183,es
https://es.wikinews.org/w/index.php?title=Categor%C3%ADa:Venezuela&from=D,79,es
https://es.wikinews.org/w/index.php?title=Categor%C3%ADa:Venezuela&from=K,79,es
https://es.wikivoyage.org/w/index.php?title=España&oldid=158563,91,es
https://es.wikinews.org/w/index.php?title=Categor%C3%ADa:Venezuela&from=J,79,es
https://es.wikinews.org/w/index.php?title=Categor%C3%ADa:Venezuela&from=I,79,es
https://es.wikinews.org/w/index.php?title=Categor%C3%ADa:Venezuela&from=H,79,es
https://es.wikipedia.org/wiki/Jimmy_Wales,229,es
https://es.wikinews.org/w/index.php?title=Categor%C3%ADa:Venezuela&from=C,79,es
https://es.wikinews.org/w/index.php?title=Categor%C3%ADa:Venezuela&from=B,79,es
https://es.wikinews.org/w/index.php?title=Categor%C3%ADa:Venezuela&from=A,79,es
https://es.wikipedia.org/wiki/Brasil,442,es
https://es.wikipedia.org/wiki/Provincia_de_C%C3%A1ceres,95,es
https://es.wikinews.org/w/index.php?title=Categor%C3%ADa:Venezuela&from=0,79,es
https://es.wikipedia.org/wiki/MoMA,86,es
https://es.wikiquote.org/wiki/bg:Special:Statistics,8,es
https://es.wikipedia.org/w/index.php?title=Museo_naval_aéreo_y_espacial_del_Intrepid&oldid=117832709,34,es
https://es.wikipedia.org/wiki/Contenido_libre,80,es
https://es.wikipedia.org/wiki/r%C3%ADo_Misuri,204,es
https://es.wikipedia.org/w/index.php?title=Grandes_Ligas_de_Béisbol&oldid=123187881,85,es
https://es.wikipedia.org/w/index.php?title=Misisipi&oldid=123530855,209,es
https://es.wikipedia.org/wiki/Ayuda:Glosario#W,115,es
https://es.wikipedia.org/w/index.php?title=Herreruela&oldid=122948988,44,es
https://es.wikipedia.org/wiki/es:Wikipedia:Recursos_de_dominio_p%C3%BAblico,28,es
https://es.wikinews.org/wiki/Categor%C3%ADa:Ciclones_tropicales,47,es
https://es.wikipedia.org/wiki/Servicio_de_Vigilancia_Aduanera,38,es
https://es.wikiquote.org/wiki/he:Special:Statistics,9,es
https://es.wikinews.org/wiki/Wikinoticias:Avisos_de_viaje/Wikiviajes,9,es
https://es.wikivoyage.org/w/index.php?title=Priego_de_Córdoba&oldid=137691,19,es
https://es.wikipedia.org/wiki/Niceto_Alcal%C3%A1-Zamora,71,es
https://es.wikipedia.org/w/index.php?title=Wikipedia:Caf%C3%A9/Portal/Archivo/Noticias/Actual&diff=prev&oldid=43373052,61,es
https://es.wikipedia.org/wiki/Primero_Justicia,38,es
https://es.panampost.com/temas/opinion/,178,es
https://es.panampost.com/mamela-fiallo/2020/02/27/presos-politicos-sanders/,118,es
https://es.wikiquote.org/,152,es
https://es.wikipedia.org/wiki/Wikipedia:Acoso,46,es
https://es.wikiquote.org/wiki/cs:Wikicit%C3%A1ty:Hlavn%C3%AD_strana,130,es
https://es.wikipedia.org/wiki/Falc%C3%B3n,79,es
https://es.wikipedia.org/wiki/Monagas,78,es
https://es.wikinews.org/w/index.php?title=Categoría:Estados_Unidos&oldid=302704,78,es
https://es.wikipedia.org/wiki/Ayuda:Interfaz_de_Wikipedia,44,es
https://es.vikidia.org/wiki/Fundación_Wikimedia,10,es
https://es.vikidia.org/w/index.php?title=Venezuela&mobileaction=toggle_view_mobile,5,es
https://es.wikipedia.org/wiki/sue%C3%B1o_americano,59,es
https://es.wikipedia.org/wiki/Florida,228,es
https://es.wikipedia.org/w/index.php?title=Museo_Nacional_de_Historia_Natural_de_los_Estados_Unidos&oldid=122115933,63,es
https://es.wikipedia.org/w/index.php?title=Wikipedia:PRIVACIDAD&redirect=no,8,es
https://es.wikipedia.org/wiki/Tom%C3%A1s_Lander,23,es
https://es.wikipedia.org/wiki/San_Juan_Bautista_(Venezuela),25,es
https://es.wiktionary.org/wiki/Especial:Todas,7,es
https://es.wikipedia.org/wiki/Especial:Crear_una_cuenta,7,es
https://es.wikiquote.org/wiki/bs:Main_Page,157,es
https://es.wikinews.org/w/index.php?title=Wikinoticias:Avisos_de_viaje&oldid=628884,12,es
https://es.wikipedia.org/w/index.php?title=Estados_Unidos&oldid=122959245,485,es
https://es.wikipedia.org/w/index.php?title=Río_Misisipi&oldid=123412655,191,es
https://es.wikipedia.org/wiki/Oc%C3%A9ano_Atl%C3%A1ntico,254,es
https://es.wikipedia.org/w/index.php?title=Usuario_Discusi%C3%B3n:Ecemaml&diff=next&oldid=44410918,12,es
https://es.wikipedia.org/wiki/Balneario,10,es
https://es.wikinews.org/wiki/Categoría:Estados_Unidos,77,es
https://es.wikipedia.org/wiki/Parques_nacionales_de_Venezuela,112,es
https://es.wikipedia.org/wiki/Museo_Nacional_de_Historia_Estadounidense_(Washington),44,es
https://es.wiktionary.org/w/index.php?title=Wikcionario:Ayuda&oldid=4742775,63,es
https://es.wikinews.org/wiki/Categor%C3%ADa:Espa%C3%B1a,89,es
https://es.wikipedia.org/wiki/Usuario_Discusi%C3%B3n:Userbox,18,es
https://es.wikipedia.org/wiki/lengua_hawaiana,113,es
https://es.wikipedia.org/wiki/Wiki,157,es
https://es.wikipedia.org/w/index.php?title=Whisky&oldid=123634875,116,es
https://es.panampost.com/temas/america-del-sur/colombia/,184,es
https://es.panampost.com/karina-martin/2017/08/21/maduro-director-dudamel-constituyente/,127,es
https://es.wikiquote.org/wiki/Ayuda:Contenidos,63,es
https://es.wikipedia.org/w/index.php?title=Wikipedia:DA&redirect=no,8,es
https://es.wikinews.org/w/index.php?title=Categor%C3%ADa:Wikimedia&action=purge,8,es
https://es.wikipedia.org/wiki/montes_Apalaches,103,es
https://es.wikipedia.org/wiki/cayo,30,es
https://es.vikidia.org/wiki/Wikipedia,6,es
https://es.wiktionary.org/w/wiki.phtml?title=Special:Allpages&from=%C3%BA,7,es
https://es.wikipedia.org/w/index.php?title=Aramburu_Topete&action=historysubmit&diff=43299123&oldid=43284735,14,es
https://es.wikinews.org/wiki/Special:Search/Categor%C3%ADa:Florida,63,es
https://es.wikisource.org/wiki/Wikisource:Derechos_de_autor,65,es
https://es.panampost.com/felipe-fernandez/2020/02/27/duque-voto-militar-colombia/,126,es
https://es.wikipedia.org/wiki/Canarias,282,es
https://es.wikipedia.org/wiki/Enfermedad_infecciosa,102,es
https://es.wikiquote.org/wiki/en:,181,es
https://es.wikinews.org/w/index.php?title=Categor%C3%ADa:Estados_Unidos&from=W,77,es
https://es.wikinews.org/w/index.php?title=Categor%C3%ADa:Estados_Unidos&from=X,77,es
https://es.wikinews.org/w/index.php?title=Categor%C3%ADa:Estados_Unidos&from=U,77,es
https://es.panampost.com/temas/america-del-sur/venezuela/,184,es
https://es.wikinews.org/w/index.php?title=Categor%C3%ADa:Estados_Unidos&from=V,77,es
https://es.wikinews.org/w/index.php?title=Categor%C3%ADa:Estados_Unidos&from=S,77,es
https://es.wikinews.org/w/index.php?title=Categor%C3%ADa:Estados_Unidos&from=T,77,es
https://es.wikinews.org/w/index.php?title=Categor%C3%ADa:Estados_Unidos&from=Q,77,es
https://es.wikinews.org/w/index.php?title=Categor%C3%ADa:Estados_Unidos&from=R,77,es
https://es.wikinews.org/w/index.php?title=Categor%C3%ADa:Estados_Unidos&from=O,77,es
https://es.wikisource.org/wiki/en:Constitution_of_the_State_of_Florida_(1968),241,es
https://es.wikinews.org/w/index.php?title=Categor%C3%ADa:Estados_Unidos&from=P,77,es
https://es.wikinews.org/w/index.php?title=Categor%C3%ADa:Estados_Unidos&from=M,77,es
https://es.wikinews.org/w/index.php?title=Categor%C3%ADa:Estados_Unidos&from=N,77,es
https://es.wikipedia.org/wiki/Wikipedia:Manual_de_estilo,144,es
https://es.wikipedia.org/wiki/Huella_digital,22,es
https://es.wikinews.org/w/index.php?title=Categor%C3%ADa:Estados_Unidos&from=K,77,es
https://es.wikinews.org/w/index.php?title=Categor%C3%ADa:Estados_Unidos&from=L,77,es
https://es.wikibooks.org/wiki/Artes_culinarias/Recetas/Chili_con_carne,24,es
https://es.wikipedia.org/wiki/Espa%C3%B1a,407,es
https://es.wikinews.org/w/index.php?title=Categor%C3%ADa:Estados_Unidos&from=I,77,es
https://es.wikinews.org/w/index.php?title=Categor%C3%ADa:Estados_Unidos&from=J,77,es
https://es.wikinews.org/w/index.php?title=Categor%C3%ADa:Estados_Unidos&from=G,77,es
https://es.wikinews.org/w/index.php?title=Categor%C3%ADa:Estados_Unidos&from=H,77,es
https://es.wikinews.org/w/index.php?title=Categor%C3%ADa:Estados_Unidos&from=E,77,es
https://es.wikinews.org/w/index.php?title=Categor%C3%ADa:Estados_Unidos&from=F,77,es
https://es.wikiquote.org/wiki/he:Main_Page,147,es
https://es.wikinews.org/w/index.php?title=Categor%C3%ADa:Estados_Unidos&from=C,77,es
https://es.wikipedia.org/wiki/parrillada,57,es
https://es.wikinews.org/w/index.php?title=Categor%C3%ADa:Estados_Unidos&from=D,77,es
https://es.wikipedia.org/w/index.php?title=Enfermedad_infecciosa&oldid=123541355,104,es
https://es.wikipedia.org/w/index.php?title=Idioma_azerí&oldid=122938882,167,es
https://es.wikinews.org/w/index.php?title=Categor%C3%ADa:Estados_Unidos&from=A,77,es
https://es.wikinews.org/w/index.php?title=Categor%C3%ADa:Estados_Unidos&from=B,77,es
https://es.wikipedia.org/wiki/Geograf%C3%ADa_de_los_Estados_Unidos,62,es
https://es.wikipedia.org/wiki/Museo_Solomon_R._Guggenheim,86,es
https://es.wikivoyage.org/w/index.php?title=Estados_Unidos&oldid=156826,150,es
https://es.wikipedia.org/wiki/Caracas,233,es
https://es.wikisource.org/wiki/Constituci%C3%B3n_venezolana_de_1999,13,es
https://es.wikiquote.org/wiki/lt:Special:Statistics,9,es
https://es.wikipedia.org/wiki/Espacio_Econ%C3%B3mico_Europeo,63,es
https://es.wikinews.org/w/index.php?title=Categor%C3%ADa:Estados_Unidos&from=0,77,es
https://es.wikipedia.org/wiki/es:Idioma_gallego,152,es
https://es.wikinews.org/wiki/Categor%C3%ADa:Barack_Obama,68,es
https://es.wikipedia.org/w/index.php?title=Florida&oldid=123699063,230,es
https://es.wikinews.org/wiki/Wikinoticias:Avisos_de_viaje,11,es
https://es.panampost.com/temas/caribe/puerto-rico/,182,es
https://es.wikipedia.org/w/index.php?title=Pelea_con_almohadas&oldid=119868593,35,es
https://es.wikiquote.org/wiki/ru:%D0%97%D0%B0%D0%B3%D0%BB%D0%B0%D0%B2%D0%BD%D0%B0%D1%8F_%D1%81%D1%82%D1%80%D0%B0%D0%BD%D0%B8%D1%86%D0%B0,120,es
https://es.wikiquote.org/wiki/bs:Special:Statistics,9,es
https://es.wikipedia.org/wiki/whisky,114,es
https://es.panampost.com/temas/america-central/nicaragua/,183,es
https://es.wikipedia.org/wiki/Portuguesa,76,es
https://es.wikipedia.org/wiki/Wikipedia,439,es
https://es.wikipedia.org/w/index.php?title=Gran_Depresión&oldid=123866098,129,es
https://es.wiktionary.org/w/index.php?title=lucha&oldid=4853655,53,es
https://es.wikipedia.org/w/index.php?title=Provincia_de_Cáceres&oldid=123496634,97,es
https://es.wikipedia.org/wiki/Partido_Dem%C3%B3crata_(Estados_Unidos),157,es
https://es.wikipedia.org/wiki/Idioma_azer%C3%AD,165,es
https://es.wikinews.org/wiki/Categor%C3%ADa:Estados_Unidos,77,es
https://es.wikipedia.org/?diff=prev&oldid=43416713,73,es
https://es.wikiquote.org/w/index.php?title=Espa%C3%B1a&action=edit,20,es
https://es.wikipedia.org/wiki/Rep%C3%BAblica_Bolivariana_de_Venezuela,405,es
https://es.wikiquote.org/wiki/zh:%E9%A6%96%E9%A1%B5,188,es
https://es.panampost.com/temas/caribe/trinidad-y-tobago/,181,es
https://es.wikipedia.org/wiki/Etimolog%C3%ADa_de_Venezuela,14,es
https://es.wikipedia.org/w/index.php?title=San_Juan_Bautista_(Venezuela)&oldid=123615130,27,es
https://es.panampost.com/temas/america-central/costa-rica/,183,es
https://es.wikipedia.org/wiki/portada,10,es
https://es.wikisource.org/wiki/Constituci%C3%B3n_venezolana_de_1999#CONSTITUCIÓN,13,es
https://es.wiktionary.org/w/index.php?title=España&oldid=4883469,130,es
https://es.wikipedia.org/w/index.php?title=Tex-Mex_(gastronomía)&oldid=123646486,32,es
https://es.wikipedia.org/wiki/Anzo%C3%A1tegui,81,es
https://es.panampost.com/marcelo-duclos/2020/02/27/la-argentina-que-da-verguenza/,120,es
https://es.wiktionary.org/wiki/wiki,59,es
https://es.wikipedia.org/w/index.php?title=Usuario_Discusi%C3%B3n%3AFrancisco_valera&action=historysubmit&diff=44674779&oldid=44667584,39,es
https://es.wikipedia.org/w/index.php?title=Wikipedia:AC&redirect=no,8,es
https://es.wikipedia.org/wiki/,106,es
https://es.wikinews.org/w/index.php?title=Categor%C3%ADa:Estados_Unidos&from=Y,77,es
https://es.wikinews.org/w/index.php?title=Categor%C3%ADa:Estados_Unidos&from=Z,77,es
https://es.wikibooks.org/wiki/Categor%C3%ADa:Historia_de_Espa%C3%B1a,19,es
https://es.m.wiktionary.org/,146,es
https://es.panampost.com/temas/america-del-sur/,175,es
https://es.wiktionary.org/w/wiki.phtml?title=Special:Allpages&from=%C3%AD,7,es
https://es.wikivoyage.org/w/index.php?title=Venezuela&action=edit,11,es
https://es.wikisource.org/wiki/Wikipedia,13,es
https://es.wikipedia.org/wiki/Ertzaintza,34,es
https://es.wiktionary.org/w/wiki.phtml?title=Special:Allpages&from=%C3%B1,7,es
https://es.wikipedia.org/wiki/Universidad_de_Columbia,116,es
https://es.wiktionary.org/w/wiki.phtml?title=Special:Allpages&from=%C3%B3,7,es
https://es.wikipedia.org/w/index.php?title=Coney_Island&oldid=121458821,59,es
https://es.wikipedia.org/wiki/Historia_de_Estados_Unidos,118,es
https://es.panampost.com/temas/caribe/,182,es
https://es.wikiquote.org/wiki/pl:Special:Statistics,8,es
https://es.panampost.com/temas/america-del-sur/ecuador/,184,es
https://es.wikipedia.org/wiki/salsa_de_ar%C3%A1ndanos,23,es
https://es.wikinews.org/w/index.php?title=Categoría:Venezuela&oldid=568337,80,es
https://es.wikinews.org/wiki/Especial:Registro,8,es
https://es.wiktionary.org/w/wiki.phtml?title=Special:Allpages&from=%C3%A9,7,es
https://es.wiktionary.org/w/wiki.phtml?title=Special:Allpages&from=%C3%A1,7,es
https://es.wikipedia.org/wiki/Wikiquote,241,es
https://es.wikipedia.org/wiki/Proyecto_Venezuela,25,es
https://es.wikipedia.org/w/index.php?title=Idioma_navajo&oldid=119489294,92,es
https://es.wikinews.org/wiki/Categoría:Florida,63,es
https://es.wikipedia.org/wiki/D%C3%B3lar_estadounidense,185,es
https://es.wikiquote.org/wiki/hu:Kezd%C5%91lap,122,es
https://es.wikipedia.org/wiki/2003,224,es
https://es.wikipedia.org/wiki/lucha,14,es
https://es.wikipedia.org/w/index.php?title=Isla_Ellis&oldid=120818179,77,es
https://es.wikipedia.org/wiki/Wikipedia:Portada,106,es
https://es.wikipedia.org/w/index.php?title=Wikipedia:Derechos_de_autor&oldid=119181125,188,es
https://es.wikipedia.org/wiki/Guardia_Civil,162,es
https://es.wikisource.org/w/index.php?title=Wikisource:Ayuda&oldid=1012509,67,es
https://es.wikipedia.org/w/index.php?title=National_Football_League&oldid=123734671,107,es
https://es.wikipedia.org/wiki/compra_de_la_Luisiana,69,es
https://es.vikidia.org/wiki/Venezuela,8,es
https://es.wikipedia.org/wiki/H%C3%A9ctor_Lavoe,67,es
https://es.wikinews.org/wiki/Categor%C3%ADa:Elecciones_presidenciales_de_Estados_Unidos_de_2012,48,es
https://es.wikipedia.org/w/index.php?title=Idioma_cheroqui&oldid=117347700,93,es
https://es.wikipedia.org/wiki/Buffalo_wings,41,es
https://es.wikipedia.org/wiki/Espacio_Schengen,121,es
https://es.wiktionary.org/wiki/morfolog%C3%ADa,69,es
https://es.wikiquote.org/wiki/pl:Main_Page,133,es
https://es.vikidia.org/wiki/Primera_Guerra_Mundial,8,es
https://es.wikipedia.org/wiki/es:Oc%C3%A9ano_Atl%C3%A1ntico,254,es
https://es.panampost.com/temas/america-del-sur/peru/,184,es
https://es.wikipedia.org/wiki/nachos,53,es
https://es.wikipedia.org/wiki/Uni%C3%B3n_Europea_Occidental,70,es
https://es.wikipedia.org/wiki/Gran_Depresi%C3%B3n,127,es
https://es.wikipedia.org/wiki/Tex-mex_(gastronom%C3%ADa),30,es
https://es.panampost.com/author/orlando-avendano/,160,es
https://es.wikipedia.org/w/index.php?title=Parrillada&oldid=122278921,59,es
https://es.wikipedia.org/wiki/Cordillera_de_las_Cascadas,105,es
https://es.wikipedia.org/?diff=43410171,71,es
https://es.wikipedia.org/wiki/Movimiento_al_Socialismo_(Venezuela),37,es
https://es.wikiquote.org/wiki/uk:%D0%93%D0%BE%D0%BB%D0%BE%D0%B2%D0%BD%D0%B0_%D1%81%D1%82%D0%B0%D1%82%D1%82%D1%8F,64,es
https://es.wiktionary.org/wiki/portada,48,es
https://es.wikipedia.org/wiki/Isla_Ellis,75,es
https://es.wikiquote.org/wiki/cs:Special:Statistics,8,es
https://es.panampost.com/temas/america-central/el-salvador/,183,es
https://es.panampost.com/vanessa-araujo/2020/02/27/a-naim-lo-de-vzla-si-es-socialismo/,122,es
https://es.wikipedia.org/wiki/Portal:Espa%C3%B1a,64,es
https://es.wikipedia.org/w/index.php?title=Wikipedia:Recursos_libres&oldid=123419651,30,es
https://es.wikipedia.org/wiki/Renny_Ottolina,37,es
https://es.panampost.com/temas/america-del-norte/,175,es
https://es.wikisource.org/wiki/Estados_Unidos_de_Am%C3%A9rica,21,es
https://es.m.wikipedia.org/,26,es
https://es.wikipedia.org/wiki/Bol%C3%ADvar_(moneda),172,es
https://es.wikipedia.org/w/index.php?title=Nachos&oldid=123176357,55,es
https://es.wikipedia.org/wiki/idioma_cheroqui,91,es
https://es.wikibooks.org/wiki/Manual_wiki,33,es
https://es.wikipedia.org/wiki/es:Valenciano,15,es
https://es.wikipedia.org/w/index.php?title=Ciclón_tropical&oldid=123736288,185,es
https://es.wikipedia.org/wiki/chili_con_carne,45,es
https://es.wikibooks.org/w/index.php?title=Portada&oldid=291920,146,es
https://es.wikipedia.org/wiki/Guerra_de_los_Treinta_A%C3%B1os,142,es
https://es.wikipedia.org/wiki/R%C3%B3mulo_Betancourt,73,es
https://es.wikipedia.org/w/index.php?title=National_Mall&oldid=116962743,60,es
https://es.wiktionary.org/w/wiki.phtml?title=Special:Allpages&from=%C3%81,7,es
https://es.wikipedia.org/w/index.php?title=Wikipedia:HOUNDING&redirect=no,8,es
https://es.wikipedia.org/wiki/es:Wikipedia:Portada,106,es
https://es.wikinews.org/w/index.php?title=Categor%C3%ADa:Wikipedia&from=A,65,es
https://es.wikipedia.org/wiki/Museo_Nacional_del_Aire_y_el_Espacio_de_Estados_Unidos,55,es
https://es.wikipedia.org/w/index.php?title=Universidad_Yale&oldid=122399348,127,es
https://es.wikinews.org/w/index.php?title=La_oposición_se_retira_de_las_elecciones_legislativas_en_Venezuela&oldid=608603,32,es
https://es.wikisource.org/wiki/Barack_Obama,37,es
https://es.wikipedia.org/wiki/Homarus_americanus,96,es
https://es.wiktionary.org/w/index.php?title=Wikcionario:Portada&oldid=4697444,331,es
https://es.wikiquote.org/wiki/en:Special:Statistics,9,es
https://es.wiktionary.org/wiki/lucha,53,es
https://es.wikinews.org/w/index.php?title=Categor%C3%ADa:Wikipedia&from=0,65,es
https://es.wikipedia.org/wiki/crabcake,24,es
https://es.wikipedia.org/w/index.php?title=Dominio_público&oldid=123804707,116,es
https://es.wikipedia.org/w/index.php?title=Partido_Republicano_(Estados_Unidos)&oldid=123839266,139,es
https://es.wikipedia.org/wiki/es:Espa%C3%B1a,407,es
https://es.wikipedia.org/wiki/magma,109,es
https://es.wikipedia.org/w/index.php?title=Montañas_Rocosas&oldid=122978011,159,es
https://es.wikipedia.org/w/index.php?title=Mitt_Romney&oldid=117918535,144,es
https://es.wiktionary.org/w/wiki.phtml?title=Special:Allpages&from=%C3%9A,7,es
https://es.wikinews.org/w/index.php?title=Categor%C3%ADa:Wikipedia&from=Z,65,es
https://es.wikipedia.org/wiki/IATA,100,es
https://es.wikinews.org/w/index.php?title=Categor%C3%ADa:Wikipedia&from=U,65,es
https://es.wikinews.org/w/index.php?title=Categor%C3%ADa:Wikipedia&from=T,65,es
https://es.wikinews.org/w/index.php?title=Categor%C3%ADa:Wikipedia&from=S,65,es
https://es.wikipedia.org/wiki/es:Estatuto_de_Autonom%C3%ADa_del_Principado_de_Asturias,17,es
https://es.wikiquote.org/wiki/fr:Special:Statistics,8,es
https://es.wikinews.org/w/index.php?title=Categor%C3%ADa:Wikipedia&from=R,65,es
https://es.wikipedia.org/w/index.php?title=Cintur%C3%B3n_de_Fuego_del_Pac%C3%ADfico&action=edit,13,es
https://es.wikinews.org/w/index.php?title=Categor%C3%ADa:Wikipedia&from=Y,65,es
https://es.wikinews.org/w/index.php?title=Categor%C3%ADa:Wikipedia&from=X,65,es
https://es.wikipedia.org/wiki/Portal:Estados_Unidos_de_Am%C3%A9rica,65,es
https://es.wikinews.org/w/index.php?title=Categor%C3%ADa:Wikipedia&from=W,65,es
https://es.wikinews.org/w/index.php?title=Categor%C3%ADa:Wikipedia&from=V,65,es
https://es.wikipedia.org/w/index.php?title=Wikipedia:Cuenta_de_prop%C3%B3sito_particular,24,es
https://es.wikinews.org/w/index.php?title=Categor%C3%ADa:Wikipedia&from=M,65,es
https://es.wikiquote.org/w/index.php?title=Estados_Unidos&oldid=373845,46,es
https://es.wikinews.org/w/index.php?title=Categor%C3%ADa:Wikipedia&from=L,65,es
https://es.wikinews.org/w/index.php?title=Categor%C3%ADa:Wikipedia&from=K,65,es
https://es.wikinews.org/w/index.php?title=Categor%C3%ADa:Wikipedia&from=J,65,es
https://es.wikinews.org/w/index.php?title=Categor%C3%ADa:Wikipedia&from=Q,65,es
https://es.panampost.com/sabrina-martin/2020/02/27/trump-petroleras-eeuu-venezuela/,125,es
https://es.wikinews.org/w/index.php?title=Categor%C3%ADa:Wikipedia&from=P,65,es
https://es.wikinews.org/w/index.php?title=Categor%C3%ADa:Wikipedia&from=O,65,es
https://es.wikinews.org/w/index.php?title=Categor%C3%ADa:Wikipedia&from=N,65,es
https://es.wikinews.org/w/index.php?title=Categor%C3%ADa:Wikipedia&from=E,65,es
https://es.wikinews.org/w/index.php?title=Categor%C3%ADa:Wikipedia&from=D,65,es
https://es.wikinews.org/w/index.php?title=Categor%C3%ADa:Wikipedia&from=C,65,es
https://es.wikinews.org/w/index.php?title=Categor%C3%ADa:Wikipedia&from=B,65,es
https://es.wikipedia.org/w/index.php?title=Trece_Colonias&oldid=123806176,101,es
https://es.wikinews.org/w/index.php?title=Categor%C3%ADa:Wikipedia&from=I,65,es
https://es.vikidia.org/w/index.php?title=Espa%C3%B1a&mobileaction=toggle_view_mobile,6,es
https://es.wikinews.org/w/index.php?title=Categor%C3%ADa:Wikipedia&from=H,65,es
https://es.wiktionary.org/w/index.php?title=Venezuela&oldid=4862242,90,es
https://es.wikipedia.org/w/index.php?title=Sierra_Nevada_(Estados_Unidos)&oldid=123017938,82,es
https://es.wikinews.org/w/index.php?title=Categor%C3%ADa:Wikipedia&from=G,65,es
https://es.wikinews.org/w/index.php?title=Categor%C3%ADa:Wikipedia&from=F,65,es
https://es.wikipedia.org/wiki/UL,11,es
https://es.wikipedia.org/wiki/El_Porte%C3%B1azo,14,es
https://es.wiktionary.org/w/wiki.phtml?title=Special:Allpages&from=%C3%8D,7,es
https://es.wiktionary.org/w/wiki.phtml?title=Special:Allpages&from=%C3%89,7,es
https://es.wikipedia.org/wiki/Cadena_costera_del_Pac%C3%ADfico,52,es
https://es.panampost.com/temas/uncategorized/destacado/,178,es
https://es.wikipedia.org/wiki/es:Portada,10,es
https://es.wiktionary.org/w/wiki.phtml?title=Special:Allpages&from=%C3%91,7,es
https://es.wikinews.org/w/index.php?title=Categoría:Wikimedia&oldid=403712,75,es
https://es.wiktionary.org/w/wiki.phtml?title=Special:Allpages&from=%C3%93,7,es
https://es.wikipedia.org/w/index.php?title=Sueño_americano&oldid=123356684,61,es
https://es.wikipedia.org/wiki/OCDE,111,es
https://es.wikipedia.org/w/index.php?title=Priego_de_Córdoba&oldid=123773427,69,es
https://es.wikipedia.org/wiki/Old_fashioned,25,es
https://es.panampost.com/mamela-fiallo/2020/02/27/nicaragua-parlamento-internet/,124,es
https://es.wikivoyage.org/wiki/Espa%C3%B1a,91,es
https://es.wikipedia.org/wiki/amish,101,es
https://es.panampost.com/felipe-fernandez/2020/02/27/ecopetrol-col-busca-producir/,124,es
https://es.panampost.com/feed/rss/,0,es
https://es.wikiquote.org/wiki/en:Main_Page,181,es
https://es.wikipedia.org/wiki/Pirineos,136,es
https://es.wikipedia.org/w/index.php?title=Callinectes_sapidus&oldid=123360412,56,es
https://es.wikipedia.org/w/index.php?title=Buffalo_wings&oldid=118704242,43,es
https://es.wikipedia.org/wiki/BERD,73,es
https://es.wikipedia.org/wiki/Oc%C3%A9ano_Pac%C3%ADfico,249,es
https://es.wikipedia.org/wiki/Museo_naval_a%C3%A9reo_y_espacial_del_Intrepid,32,es
https://es.wikisource.org/wiki/Estados_Unidos,21,es
https://es.wikipedia.org/wiki/Hora_legal_de_Venezuela,16,es
https://es.wikipedia.org/wiki/La_Provincia_(Canarias),13,es
https://es.wikipedia.org/wiki/Copei,36,es
https://es.wikipedia.org/wiki/AED,24,es
https://es.wikipedia.org/w/index.php?title=Tiempo_universal_coordinado&oldid=123825635,149,es
https://es.panampost.com/temas/america-del-norte/canada/,180,es
https://es.wikipedia.org/w/index.php?title=Elecciones_presidenciales_de_Estados_Unidos_de_2012&oldid=123772663,88,es
https://es.wikipedia.org/w/index.php?title=Atletismo_de_fuerza&oldid=121514937,25,es
https://es.wikipedia.org/w/index.php?title=Wikipedia:%C2%A9&redirect=no,8,es
https://es.wikipedia.org/wiki/Delta_Amacuro,80,es
https://es.wikipedia.org/w/index.php?title=Portada&oldid=123778544,12,es
https://es.wikinews.org/wiki/Categor%C3%ADa:Wikimedia,74,es
https://es.wikipedia.org/wiki/Tiempo_universal_coordinado,147,es
https://es.wikipedia.org/w/index.php?title=Contenido_libre&oldid=122911049,82,es
https://es.panampost.com/temas/america-del-sur/paraguay/,184,es
https://es.wikipedia.org/wiki/Usuario_Discusi%C3%B3n:Francisco_valera#Isolated_articles,48,es
https://es.wikiquote.org/wiki/Primera_Guerra_Mundial,35,es
https://es.wikipedia.org/wiki/San_Francisco_(California),283,es
https://es.wikiquote.org/wiki/sl:Main_Page,145,es
https://es.wikipedia.org/wiki/Estados_Unidos_de_Am%C3%A9rica,483,es
https://es.wikipedia.org/wiki/Jimena_de_la_Frontera,59,es
https://es.wikipedia.org/wiki/Consejo_Nacional_Electoral_(Venezuela),25,es
https://es.wikipedia.org/wiki/Venezuela,405,es
https://es.vikidia.org/w/index.php?title=Estados_Unidos&oldid=115766&mobileaction=toggle_view_mobile,5,es
https://es.wikiversity.org/wiki/Portada,55,es
https://es.wikipedia.org/w/index.php?title=Museo_Metropolitano_de_Arte&oldid=123831582,104,es
https://es.wikiquote.org/wiki/Wikipedia,45,es
https://es.wiktionary.org/wiki/Espa%C3%B1a,130,es
https://es.wikiquote.org/wiki/Estados_Unidos,46,es
https://es.wikipedia.org/wiki/T%C3%A1chira,90,es
https://es.wikipedia.org/w/index.php?title=Especial:Userlogin/signup&campaign=anoneditwarning&returnto=Historia_de_Estados_Unidos&returntoquery=action%3Dedit,7,es
https://es.wikipedia.org/wiki/idioma_hawaiano,113,es
https://es.wikipedia.org/wiki/Rafael_Urdaneta,52,es
https://es.wikisource.org/w/index.php?title=Categoría:Wikisource:Textos_para_trasladar_Wikipedia&oldid=774006,13,es
https://es.panampost.com/temas/america-del-norte/mexico/,180,es
https://es.panampost.com,163,es
https://es.wiktionary.org/wiki/Florida,38,es
https://es.wikipedia.org/wiki/r%C3%ADo_Colorado,111,es
https://es.wikinews.org/wiki/Wikinoticias:Derechos_de_autor,46,es
https://es.wikipedia.org/wiki/es:Idioma_roman%C3%AD,354,es
https://es.wiktionary.org/w/index.php?title=Estados_Unidos_de_América&oldid=4771571,51,es
https://es.wikipedia.org/?diff=43727217,72,es
https://es.panampost.com/temas/america-del-sur/uruguay/,184,es
https://es.wikinews.org/w/index.php?title=Categor%C3%ADa:Wikimedia&from=0,74,es
https://es.panampost.com/temas/caribe/cuba/,182,es
https://es.wikipedia.org/wiki/tundra,129,es
https://es.vikidia.org/w/index.php?title=Fundaci%C3%B3n_Wikimedia&mobileaction=toggle_view_mobile,7,es
https://es.wikipedia.org/wiki/Historia_de_los_Estados_Unidos,118,es
https://es.wikinews.org/w/index.php?title=Categor%C3%ADa:Wikimedia&from=E,74,es
https://es.wikipedia.org/w/index.php?title=Homarus_americanus&oldid=123501912,98,es
https://es.wikinews.org/w/index.php?title=Categor%C3%ADa:Wikimedia&from=F,74,es
https://es.wikiquote.org/wiki/Fundaci%C3%B3n_Wikimedia,24,es
https://es.wikinews.org/w/index.php?title=Categor%C3%ADa:Wikimedia&from=C,74,es
https://es.wikinews.org/w/index.php?title=Categor%C3%ADa:Wikimedia&from=D,74,es
https://es.wikinews.org/w/index.php?title=Categor%C3%ADa:Wikimedia&from=A,74,es
https://es.wikinews.org/w/index.php?title=Categor%C3%ADa:Wikimedia&from=B,74,es
https://es.wikinews.org/w/index.php?title=Categor%C3%ADa:Wikimedia&from=M,74,es
https://es.wikiquote.org/wiki/fa:%D8%B5%D9%81%D8%AD%D9%87%D9%94_%D8%A7%D8%B5%D9%84%DB%8C,163,es
https://es.wikinews.org/w/index.php?title=Categor%C3%ADa:Wikimedia&from=N,74,es
https://es.wikinews.org/w/index.php?title=Categor%C3%ADa:Wikimedia&from=K,74,es
https://es.wikinews.org/w/index.php?title=Categor%C3%ADa:Wikimedia&from=L,74,es
https://es.wikinews.org/w/index.php?title=Categor%C3%ADa:Wikimedia&from=I,74,es
https://es.panampost.com/felipe-fernandez/2020/02/26/nuevos-bancos-colombia/,124,es
https://es.wikinews.org/w/index.php?title=Categor%C3%ADa:Wikimedia&from=J,74,es
https://es.vikidia.org/w/index.php?title=Venezuela&oldid=127986,8,es
https://es.wikinews.org/w/index.php?title=Categor%C3%ADa:Wikimedia&from=G,74,es
https://es.wikinews.org/w/index.php?title=Categor%C3%ADa:Wikimedia&from=H,74,es
https://es.wikinews.org/w/index.php?title=Categor%C3%ADa:Wikimedia&from=U,74,es
https://es.wikinews.org/w/index.php?title=Categor%C3%ADa:Wikimedia&from=V,74,es
https://es.wikiquote.org/wiki/sl:Special:Statistics,9,es
https://es.wikinews.org/w/index.php?title=Categor%C3%ADa:Wikimedia&from=S,74,es
https://es.wikipedia.org/wiki/Usuario:Andreateletrabajo,11,es
https://es.wikinews.org/w/index.php?title=Categor%C3%ADa:Wikimedia&from=T,74,es
https://es.wikinews.org/w/index.php?title=Categor%C3%ADa:Wikimedia&from=Q,74,es
https://es.wikinews.org/w/index.php?title=Categor%C3%ADa:Wikimedia&from=R,74,es
https://es.wikinews.org/w/index.php?title=Categor%C3%ADa:Wikimedia&from=O,74,es
https://es.wikipedia.org/w/index.php?title=Old_fashioned&oldid=119935066,27,es
https://es.wikinews.org/w/index.php?title=Categor%C3%ADa:Wikimedia&from=P,74,es
https://es.wikinews.org/w/index.php?title=Categoría:27_de_junio&oldid=483800,17,es
https://es.wikinews.org/w/index.php?title=Categor%C3%ADa:Wikimedia&from=Y,74,es
https://es.wikinews.org/w/index.php?title=Categor%C3%ADa:Wikimedia&from=Z,74,es
https://es.wikipedia.org/w/index.php?title=Nueva_Francia&oldid=123230235,87,es
https://es.wikinews.org/w/index.php?title=Categor%C3%ADa:Wikimedia&from=W,74,es
https://es.wikinews.org/w/index.php?title=Categor%C3%ADa:Wikimedia&from=X,74,es
https://es.wikipedia.org/wiki/clima_mediterr%C3%A1neo,86,es
https://es.vikidia.org/wiki/Wiki,6,es
https://es.wikivoyage.org/w/index.php?title=Florida&oldid=124077,38,es
https://es.wikipedia.org/wiki/Lara,29,es
https://es.wikipedia.org/w/index.php?title=Jimena_de_la_Frontera&oldid=122064121,61,es
https://es.wikipedia.org/wiki/Cojedes,78,es
https://es.wikinews.org/wiki/Category:Elecciones_presidenciales_de_Estados_Unidos_de_2012,48,es
https://es.wikipedia.org/wiki/tornado,215,es
https://es.wikipedia.org/wiki/Golfo_de_M%C3%A9xico,136,es
https://es.wikipedia.org/wiki/Priego_de_C%C3%B3rdoba,67,es
https://es.panampost.com/sabrina-martin/2017/01/26/alcalde-de-cucuta-denuncia-que-guardias-venezolanos-violaron-territorio-colombiano/,127,es
https://es.wikipedia.org/wiki/Juan_Bautista_Arismendi,20,es
https://es.wikinews.org/wiki/Categor%C3%ADa:Florida,63,es
https://es.vikidia.org/w/index.php?title=Fundación_Wikimedia&oldid=118488,10,es
https://es.wikiquote.org/wiki/Espa%C3%B1a,51,es
https://es.wikipedia.org/wiki/Segunda_Guerra_Mundial,254,es
https://es.wikivoyage.org/wiki/P%C3%A1gina_principal,106,es
https://es.wikisource.org/wiki/,117,es
https://es.vikidia.org/w/index.php?title=Wikipedia&mobileaction=toggle_view_mobile,3,es
https://es.wikipedia.org/w/index.php?title=Wikipedia:CR&redirect=no,8,es
https://es.vikidia.org/wiki/Clima_mediterráneo,8,es
https://es.wikipedia.org/w/index.php?title=Wikipedia:WIKIHOUND&redirect=no,8,es
https://es.wikipedia.org/wiki/Gu%C3%A1rico,81,es
https://es.wikipedia.org/wiki/Antonio_Guzm%C3%A1n_Blanco,58,es
https://es.panampost.com/sabrina-martin/2020/02/27/coronavirus-no-es-sentencia-de-muerte-pero-puede-convertirse-en-catastrofe-sanitaria/,124,es
https://es.wikipedia.org/wiki/Sorteo_de_la_Copa_Am%C3%A9rica_2011,11,es
https://es.wikiquote.org/wiki/sk:Main_Page,179,es
https://es.wikipedia.org/w/index.php?title=Universidad_de_Harvard&oldid=123697569,155,es
https://es.wikipedia.org/wiki/Revoluci%C3%B3n_de_las_Reformas,15,es
https://es.wikipedia.org/wiki/Wikipedia:Caf%C3%A9/Portal/Archivo/Noticias/2011/02#Nueva_mascota_de_Wikipedia,118,es
