https://fr.wikipedia.org/wiki/Ex_nihilo,34,fr
https://fr.wikipedia.org/w/index.php?title=Mod%C3%A8le:Palette_Gouvernements_Painlev%C3%A9_II_III&action=edit,17,fr
https://fr.wikipedia.org/wiki/carte_de_presse_en_France,26,fr
https://fr.wikipedia.org/w/index.php?title=Sp%C3%A9cial:Connexion&returnto=28_f%C3%A9vrier&returntoquery=action%3Dedit,7,fr
https://fr.wikipedia.org/w/index.php?title=Wikip%C3%A9dia:Mod%C3%A8les_de_page/Article&oldid=39925147,63,fr
https://fr.wikipedia.org/w/index.php?title=Wikip%C3%A9dia&action=edit,10,fr
https://fr.wikiversity.org/w/index.php?title=Wikiversité:Accueil&oldid=787344,66,fr
https://fr.wikipedia.org/w/index.php?title=Mod%C3%A8le:Palette_Lutte_contre_le_terrorisme_islamiste&action=history,9,fr
https://fr.wikipedia.org/w/index.php?title=Sp%C3%A9cial:Connexion/signup&campaign=anoneditwarning&returnto=Olof_Palme&returntoquery=action%3Dedit,7,fr
https://fr.wikinews.org/w/index.php?title=Special%3ALog&user=Géodigital,8,fr
https://fr.wikisource.org/w/index.php?title=Auteur:Georges_Clemenceau&oldid=10060807,30,fr
https://fr.wikipedia.org/wiki/investissement,93,fr
https://fr.wikinews.org/wiki/Cat%C3%A9gorie:Guerre_du_Saada,17,fr
https://fr.wikipedia.org/wiki/Wikip%C3%A9dia_en_anglais,445,fr
https://fr.wikipedia.org/w/index.php?title=Olof_Palme&action=history,10,fr
https://fr.wikipedia.org/wiki/Combats_esth%C3%A9tiques,17,fr
https://fr.wikinews.org/wiki/Wikinews:Br%C3%A8ves,23,fr
https://fr.wikiquote.org/wiki/Wikiquote:Administrateur,120,fr
https://fr.wikipedia.org/wiki/1908_en_litt%C3%A9rature,31,fr
https://fr.wikisource.org/wiki/Wikisource:Accueil,115,fr
https://fr.wikipedia.org/wiki/%C3%89lectre_(Jean_Giraudoux),19,fr
https://fr.wikipedia.org/wiki/fr:Wikip%C3%A9dia,757,fr
https://fr.wikipedia.org/w/index.php?title=Joseph_Priestley_House&oldid=40675488,22,fr
https://fr.wikipedia.org/w/index.php?title=Wikimedia_Foundation&action=edit,93,fr
https://fr.reuters.com,1,fr
https://fr.wikipedia.org/w/index.php?title=Julie_de_Querangal&veaction=edit&section=0,29,fr
https://fr.wikipedia.org/wiki/,358,fr
https://fr.wikinews.org/wiki/Wikinews:Intervention_sur_une_page_archiv%C3%A9e,26,fr
https://fr.wikipedia.org/w/index.php?title=France_24&action=edit,18,fr
https://fr.wikipedia.org/wiki/Octave_Mirbeau,250,fr
https://fr.wikipedia.org/w/index.php?title=Mod%C3%A8le:Palette_Voyages_extraordinaires&action=edit,17,fr
https://fr.wikipedia.org/w/index.php?title=Hyperlien&oldid=166375610,96,fr
https://fr.wikipedia.org/wiki/Nature_(revue),104,fr
https://fr.wikipedia.org/w/index.php?title=Sp%C3%A9cial:Connexion&returnto=Gustave_Malcuit&returntoquery=action%3Dedit,7,fr
https://fr.wikipedia.org/w/index.php?title=Mod%C3%A8le:Palette_Histoire_du_Venezuela&action=purge,7,fr
https://fr.wikipedia.org/wiki/1886_en_litt%C3%A9rature,28,fr
https://fr.wikisource.org/wiki/Chez_l%E2%80%99Illustre_%C3%A9crivain,11,fr
https://fr.wikinews.org/w/index.php?title=Special%3ALog&user=Savant-fou,19,fr
https://fr.wikinews.org/w/index.php?title=Special:NewsFeed&feed=atom&categories=Article_publi%C3%A9%7CGuerre_du_Saada&notcategories=Article_en_d%C3%A9veloppement&namespace=0&count=15&ordermethod=categoryadd&stablepages=only,0,fr
https://frr.wikipedia.org/w/index.php?title=Vorlage:Hoodsid-Spr%C3%A4keinfo&action=edit,9,fr
https://fr.wikisource.org/wiki/Cinq_Semaines_en_ballon/Chapitre_14,10,fr
https://fr.wikipedia.org/wiki/fr:%C3%A9lite,62,fr
https://fr.wikinews.org/wiki/Wikinews:Avis_de_voyage/Wikivoyage,11,fr
https://fr.wikipedia.org/wiki/Mouvement_Wikim%C3%A9dia,357,fr
https://fr.wikipedia.org/wiki/Interview,79,fr
https://fr.wikinews.org/wiki/Wikinews:Comment_ajouter_du_contenu_avec_un_minimum_d%27effort,10,fr
https://fr.wiktionary.org/wiki/ent%C3%A9ralgie,11,fr
https://fr.wiktionary.org/w/index.php?title=Cat%C3%A9gorie:francoproven%C3%A7al&from=z#mw-pages,65,fr
https://fr.wiktionary.org/w/index.php?title=Cat%C3%A9gorie:francoproven%C3%A7al&from=#mw-pages,65,fr
https://fr.wikiquote.org/wiki/en:Main_Page,181,fr
https://fr.wikiquote.org/w/index.php?title=Octave_Mirbeau&oldid=281628,69,fr
https://fr.wikipedia.org/w/index.php?title=Wikinews&oldid=167219965,146,fr
https://fr.wikipedia.org/w/index.php?title=Mod%C3%A8le:Palette_Histoire_du_Venezuela&action=edit,15,fr
https://fr.wiktionary.org/w/index.php?title=Wiktionnaire:Page_d’accueil&oldid=27389266,216,fr
https://fr.wikipedia.org/w/index.php?title=Mod%C3%A8le:Palette_%C3%89ph%C3%A9m%C3%A9ride/Bac_%C3%A0_sable&action=edit&preload=Mod%C3%A8le%3ADocumentation%2FPreload2,15,fr
https://fr.wikipedia.org/w/index.php?title=Joseph_Caillaux&oldid=167641331,53,fr
https://fr.wikipedia.org/w/index.php?title=Mod%C3%A8le:Palette_Lutte_contre_le_terrorisme_islamiste&action=info#mw-pageinfo-watchers,11,fr
https://fr.wikinews.org/w/index.php?title=Mod%C3%A8le:Une_3&stableid=815590,11,fr
https://francais.rt.com/en-direct,14,fr
https://fr.wikisource.org/w/index.php?title=La_Grève_des_électeurs&oldid=9735897,11,fr
https://fr.wikipedia.org/w/index.php?title=Jean_Giraudoux&action=history,10,fr
https://fr.wikiquote.org/wiki/%C3%89lite,25,fr
https://fr.wikipedia.org/wiki/La_guerre_de_Troie_n%27aura_pas_lieu,28,fr
https://fr.wikipedia.org/w/index.php?title=Aéroport_international_d%27Honolulu&oldid=163539489,80,fr
https://fr.wikivoyage.org/wiki/Avis_de_voyage,16,fr
https://fr.wikipedia.org/w/index.php?title=Mod%C3%A8le:Palette_Gouvernement_Monis&action=edit,17,fr
https://fr.scribd.com/document/371255980/Meamar-Tirenifi-Octave-Mirbeau-Une-ecriture-novatrice,26,fr
https://fr.wikipedia.org/wiki/Biblioth%C3%A8que_nationale_de_France,139,fr
https://fr.wikipedia.org/wiki/femmes,270,fr
https://fr.wikipedia.org/w/index.php?title=Sp%C3%A9cial:Connexion&returnto=Mod%C3%A8le:Palette_Affaire_Dreyfus&returntoquery=action%3Dedit,7,fr
https://fr.wikipedia.org/wiki/Paul_III,89,fr
https://fr.wiktionary.org/w/index.php?title=Cat%C3%A9gorie:francoproven%C3%A7al&from=u#mw-pages,65,fr
https://fr.wikipedia.org/w/index.php?title=Émile_Littré&oldid=166470547,68,fr
https://fr.wikisource.org/w/index.php?title=Lettres_de_ma_chaumière&oldid=4044041,12,fr
https://fr.wiktionary.org/wiki/acronymie,13,fr
https://fr.wikipedia.org/w/index.php?title=Ward_Cunningham&oldid=147919174,68,fr
https://fr.wikipedia.org/w/index.php?title=Octave_Mirbeau&oldid=167855392,250,fr
https://fr.wikipedia.org/w/index.php?title=De_facto&oldid=142112816,95,fr
https://fr.wikipedia.org/w/index.php?title=Sp%C3%A9cial:Connexion/signup&campaign=anoneditwarning&returnto=Mod%C3%A8le:Palette_%C3%89ph%C3%A9m%C3%A9ride&returntoquery=action%3Dedit,7,fr
https://fr.wikipedia.org/w/index.php?title=Institution&oldid=166398168,19,fr
https://frr.wikipedia.org/wiki/Vorlage:Hoodsid-Spräkeinfo,23,fr
https://fr.wikipedia.org/wiki/Les_Mauvais_bergers,30,fr
https://fr.wikinews.org/w/index.php?title=Sp%C3%A9cial:Log&type=block&page=User:Gfsas,8,fr
https://fr.wikipedia.org/wiki/Kaizen,63,fr
https://francais.rt.com/,11,fr
https://fr.wikipedia.org/wiki/Hirak_(Algérie),553,fr
https://fr.wikipedia.org/w/index.php?title=Jimmy_Wales&veaction=edit&section=0,230,fr
https://frp.wikipedia.org/wiki/Cat%C3%A8gorie:Princip%C3%A2la,231,fr
https://fr.wiktionary.org/wiki/r%C3%A9cipiendaire,20,fr
https://fr.wikipedia.org/w/index.php?title=Sp%C3%A9cial:Log&type=block&page=User:Poppy,8,fr
https://fr.wikisource.org/wiki/Vieux_m%C3%A9nage,11,fr
https://fr.wikipedia.org/wiki/innovation_ouverte,44,fr
https://fr.wiktionary.org/wiki/Wiktionnaire:Liste_des_administrateurs,75,fr
https://fr.wiktionary.org/wiki/faire_l’école_buissonnière,45,fr
https://fr.wikipedia.org/w/index.php?title=Sp%C3%A9cial:Connexion/signup&campaign=anoneditwarning&returnto=Mod%C3%A8le:Palette_Affaire_Dreyfus&returntoquery=action%3Dedit,7,fr
https://fr.wikipedia.org/w/index.php?title=Mod%C3%A8le:Palette_Affaire_Dreyfus&action=edit,17,fr
https://fr.wikipedia.org/w/index.php?title=Hirak_(Algérie)&oldid=167917501,553,fr
https://fr.wikipedia.org/w/index.php?title=Joseph_Caillaux&action=edit&section=0,23,fr
https://fr.wikipedia.org/w/index.php?title=Jean_Giraudoux&oldid=167514791,113,fr
https://fr.wikibooks.org/w/index.php?title=Cat%C3%A9gorie:Wikis&from=0,65,fr
https://fr.wikipedia.org/w/index.php?title=Projet:Infobox&action=purge,8,fr
https://fr.wikipedia.org/w/index.php?title=Gr%C3%A8ve_%C3%A9tudiante_pour_le_climat&action=info#mw-pageinfo-watchers,11,fr
https://fr.wikibooks.org/w/index.php?title=Cat%C3%A9gorie:Wikis&from=K,37,fr
https://fr.wikibooks.org/w/index.php?title=Cat%C3%A9gorie:Wikis&from=J,37,fr
https://fr.wikiquote.org/wiki/Cat%C3%A9gorie:Principale,112,fr
https://fr.wikibooks.org/w/index.php?title=Cat%C3%A9gorie:Wikis&from=I,37,fr
https://fr.wikibooks.org/w/index.php?title=Cat%C3%A9gorie:Wikis&from=H,37,fr
https://fr.wikipedia.org/w/index.php?title=Interwiki&oldid=147069861,32,fr
https://fr.wikibooks.org/w/index.php?title=Cat%C3%A9gorie:Wikis&from=O,37,fr
https://fr.wikibooks.org/w/index.php?title=Cat%C3%A9gorie:Wikis&from=N,37,fr
https://fr.wikibooks.org/w/index.php?title=Cat%C3%A9gorie:Wikis&from=M,37,fr
https://fr.wikipedia.org/w/index.php?title=Sp%C3%A9cial:Connexion&returnto=Mod%C3%A8le:Palette_Gr%C3%A8ve_%C3%A9tudiante_pour_le_climat&returntoquery=action%3Dedit,7,fr
https://fr.wikibooks.org/w/index.php?title=Cat%C3%A9gorie:Wikis&from=L,37,fr
https://fr.wikibooks.org/w/index.php?title=Cat%C3%A9gorie:Wikis&from=C,37,fr
https://fr.wikipedia.org/wiki/Accueil,14,fr
https://fr.wikibooks.org/w/index.php?title=Cat%C3%A9gorie:Wikis&from=B,65,fr
https://fr.wikibooks.org/w/index.php?title=Cat%C3%A9gorie:Wikis&from=A,65,fr
https://fr.wikipedia.org/wiki/Wikip%C3%A9dia:Page_d%E2%80%99accueil,358,fr
https://fr.wikibooks.org/w/index.php?title=Cat%C3%A9gorie:Wikis&from=G,37,fr
https://fr.wikibooks.org/w/index.php?title=Cat%C3%A9gorie:Wikis&from=F,37,fr
https://fr.wikibooks.org/w/index.php?title=Cat%C3%A9gorie:Wikis&from=E,37,fr
https://fr.wikibooks.org/w/index.php?title=Cat%C3%A9gorie:Wikis&from=D,37,fr
https://fr.wiktionary.org/w/index.php?title=Cat%C3%A9gorie:francoproven%C3%A7al&from=h#mw-pages,65,fr
https://frp.wikipedia.org/w/index.php?title=1986&oldid=185176,213,fr
https://fr.wikibooks.org/w/index.php?title=Cat%C3%A9gorie:Wikis&from=Z,9,fr
https://fr.wikinews.org/wiki/Category:Wikinews,33,fr
https://fr.wikibooks.org/w/index.php?title=Cat%C3%A9gorie:Wikis&from=Y,9,fr
https://fr.wikibooks.org/w/index.php?title=Cat%C3%A9gorie:Wikis&from=X,9,fr
https://fr.wikipedia.org/wiki/1900_en_litt%C3%A9rature,31,fr
https://fr.wikipedia.org/w/index.php?title=Sp%C3%A9cial:Connexion&returnto=Octave_Mirbeau&returntoquery=action%3Dedit,7,fr
https://fr.wikibooks.org/w/index.php?title=Cat%C3%A9gorie:Wikis&from=S,37,fr
https://fr.wikipedia.org/w/index.php?title=Mod%C3%A8le:Palette_Gouvernement_Bouisson&action=edit,17,fr
https://fr.wikivoyage.org/w/index.php?title=Accueil&oldid=458086,74,fr
https://fr.wikibooks.org/w/index.php?title=Cat%C3%A9gorie:Wikis&from=R,37,fr
https://fr.wikibooks.org/w/index.php?title=Cat%C3%A9gorie:Wikis&from=Q,37,fr
https://fr.wikibooks.org/w/index.php?title=Cat%C3%A9gorie:Wikis&from=P,37,fr
https://fr.wikisource.org/wiki/La_Vache_tachet%C3%A9e_%28recueil%29,12,fr
https://fr.wikibooks.org/w/index.php?title=Cat%C3%A9gorie:Wikis&from=W,37,fr
https://fr.wikibooks.org/w/index.php?title=Cat%C3%A9gorie:Wikis&from=V,37,fr
https://fr.wikibooks.org/w/index.php?title=Cat%C3%A9gorie:Wikis&from=U,37,fr
https://frr.wikipedia.org/wiki/Wikipedia,301,fr
https://fr.wikibooks.org/w/index.php?title=Cat%C3%A9gorie:Wikis&from=T,37,fr
https://fr.wikipedia.org/w/index.php?title=Gouvernorat_de_Sa%27dah&oldid=166229407,54,fr
https://fr.wikisource.org/w/index.php?title=Chez_l’Illustre_écrivain&oldid=5976397,11,fr
https://fr.wikipedia.org/wiki/29_f%C3%A9vrier,200,fr
https://frp.wikipedia.org/w/index.php?title=28_fevriér&oldid=171568,201,fr
https://fr.wiktionary.org/wiki/Wiktionnaire:Page_d%27accueil,216,fr
https://fr.wikinews.org/w/index.php?title=La_fondation_Wikimedia_passe_sous_licence_Creative_Commons&oldid=630006,32,fr
https://fr.wikipedia.org/w/index.php?title=MediaWiki&veaction=edit&section=0,201,fr
https://fr.wikinews.org/w/index.php?title=Wikinews_en_français_passe_la_barre_des_10_000_pages&oldid=308033,16,fr
https://fr.wikipedia.org/wiki/Modèle:Palette_Histoire_du_Venezuela,16,fr
https://fr.wikipedia.org/w/index.php?title=Assassinat_d%27Olof_Palme&action=edit&section=0,18,fr
https://fr.wikinews.org/w/index.php?title=Sp%C3%A9cial:Journal&page=Utilisateur%3ASeherr,8,fr
https://fr.wikipedia.org/wiki/La_Gr%C3%A8ve_des_%C3%A9lecteurs,30,fr
https://fr.wikipedia.org/wiki/Le_Calvaire,27,fr
https://fr.wikinews.org/w/index.php?title=Wikinews:Intervention_sur_une_page_archivée&oldid=814496,26,fr
https://fr.wikisource.org/wiki/Acte_d%27accusation_contre_le_capitaine_Dreyfus,11,fr
https://francais.rt.com/opinions/28421-arabie-saoudite-disparaitre-yemen,17,fr
https://fr.wikipedia.org/wiki/article_de_presse,18,fr
https://fr.wikipedia.org/w/index.php?title=Sp%C3%A9cial:Connexion/signup&campaign=anoneditwarning&returnto=Gr%C3%A8ve_%C3%A9tudiante_pour_le_climat&returntoquery=action%3Dedit,7,fr
https://fr.wiktionary.org/w/index.php?title=Cat%C3%A9gorie:francoproven%C3%A7al&from=k#mw-pages,65,fr
https://frr.wikipedia.org/w/index.php?title=Vorlage:Hoodsid-Spräkeinfo&oldid=146017,23,fr
https://fr.wikipedia.org/wiki/Modèle:Palette_Grève_étudiante_pour_le_climat,22,fr
https://fr.wikipedia.org/wiki/Dans_le_ciel,25,fr
https://fr.wikipedia.org/w/index.php?title=Mod%C3%A8le:Palette_Guerre_civile_Y%C3%A9men&action=info#mw-pageinfo-watchers,11,fr
https://frp.wikipedia.org/wiki/28_fevri%C3%A9r,200,fr
https://fr.wikipedia.org/w/index.php?title=Sp%C3%A9cial:Connexion/signup&campaign=anoneditwarning&returnto=Crise_am%C3%A9ricano-iranienne_de_2019-2020&returntoquery=action%3Dedit,7,fr
https://fr.wikipedia.org/wiki/1885_en_litt%C3%A9rature,29,fr
https://frr.wikipedia.org/wiki/,180,fr
https://frr.wikipedia.org/wiki/Kategorie:Hoodkategorii,222,fr
https://fr.wiktionary.org/w/index.php?title=Cat%C3%A9gorie:francoproven%C3%A7al&from=w#mw-pages,65,fr
https://fr.wikinews.org/w/index.php?title=Special%3ALog&user=SleaY,8,fr
https://fr.wikiquote.org/wiki/Jules_Verne,67,fr
https://fr.wiktionary.org/wiki/hypersociabilité,11,fr
https://fr.wikipedia.org/wiki/Ward_Cunningham,68,fr
https://fr.wikiquote.org/wiki/Wikimedia_Foundation,30,fr
https://fr.reuters.com/article/topNews/idUKKBN1Y308J,13,fr
https://fr.wiktionary.org/w/index.php?title=Cat%C3%A9gorie:francoproven%C3%A7al&from=f#mw-pages,65,fr
https://fr.wiktionary.org/wiki/hyperonyme,45,fr
https://frr.wikipedia.org/w/index.php?title=1986&oldid=164150,211,fr
https://fr.wikipedia.org/wiki/institution,19,fr
https://fr.wikinews.org/wiki/Spécial:Journal,9,fr
https://fr.wikipedia.org/wiki/Vente_pyramidale,66,fr
https://fr.wikinews.org/w/index.php?title=Wikinews:Interview&oldid=475215,14,fr
https://fr.wikipedia.org/w/index.php?title=Catégorie:Accueil&oldid=163178471,232,fr
https://fr.wikipedia.org/w/index.php?title=Mod%C3%A8le:Palette_Lutte_contre_le_terrorisme_islamiste/Test&action=edit&preload=Mod%C3%A8le%3ADocumentation%2FPreload3,15,fr
https://fr.wikisource.org/wiki/Spécial:IndexPages?key=Octave+intitle%3AMirbeau,64,fr
https://fr.wikinews.org/wiki/La_fondation_Wikimedia_passe_sous_licence_Creative_Commons,30,fr
https://fr.wikipedia.org/wiki/Modèle:Palette_Athéisme,49,fr
https://fr.wikiversity.org/wiki/Jean_Giraudoux,26,fr
https://fr.wikisource.org/wiki/La_Pipe_de_cidre_(recueil),12,fr
https://fr.wikipedia.org/wiki/Bollywood,122,fr
https://fr.wikipedia.org/wiki/16_f%C3%A9vrier,212,fr
https://fr.wikipedia.org/w/index.php?title=Guerre_du_Saada&oldid=122195456&action=history,9,fr
https://fr.wikinews.org/wiki/Cat%C3%A9gorie:Principale,87,fr
https://fr.wikipedia.org/wiki/fr:journalisme_citoyen,54,fr
https://fr.wikisource.org/wiki/Constitution_du_4_octobre_1958,24,fr
https://fr.wikibooks.org/wiki/Cat%C3%A9gorie:Wikis,65,fr
https://fr.wikisource.org/w/index.php?title=Les_Écrivains&oldid=2734843,11,fr
https://fr.wikipedia.org/wiki/Temps_universel_coordonn%C3%A9,146,fr
https://fr.wikipedia.org/wiki/Vimeo,75,fr
https://fr.wikinews.org/wiki/En_visite_%C3%A0_Gen%C3%A8ve_le_fondateur_de_WikiLeaks_envisage_de_demander_l%27asile_politique_%C3%A0_la_Suisse,31,fr
https://fr.wikipedia.org/w/index.php?title=Mod%C3%A8le:Palette_Affaire_Dreyfus&action=history,12,fr
https://fr.wikipedia.org/w/index.php?title=Sp%C3%A9cial:Connexion/signup&campaign=anoneditwarning&returnto=Crise_pr%C3%A9sidentielle_de_2019-2020_au_Venezuela&returntoquery=action%3Dedit,7,fr
https://fr.wiktionary.org/w/index.php?title=faire_l%E2%80%99%C3%A9cole_buissonni%C3%A8re&action=edit,11,fr
https://fr.wikipedia.org/w/index.php?title=Mod%C3%A8le:Palette_Gr%C3%A8ve_%C3%A9tudiante_pour_le_climat&action=history,9,fr
https://fr.wikipedia.org/wiki/Wikimedia_Commons,220,fr
https://fr.scribd.com/sheetmusic,106,fr
https://fr.wikipedia.org/wiki/28_f%C3%A9vrier,217,fr
https://fr.wikipedia.org/w/index.php?title=Wikimedia_Foundation&veaction=edit&section=0,336,fr
https://fr.wikinews.org/w/index.php?title=Modèle:Une_3&oldid=815590,13,fr
https://fr.wikisource.org/wiki/Causerie_du_1er_mars_1880,11,fr
https://fr.wikipedia.org/wiki/Modèle:Palette_Affaire_Dreyfus,21,fr
https://fr.wikipedia.org/wiki/S%C3%A9bastien_Roch_(roman),28,fr
https://fr.wikinews.org/w/index.php?title=Wikinews:Politique_d%27accréditation&oldid=633242,23,fr
https://fr.wikipedia.org/w/index.php?title=Sp%C3%A9cial:Connexion/signup&campaign=anoneditwarning&returnto=Octave_Mirbeau&returntoquery=action%3Dedit,7,fr
https://fr.wikisource.org/wiki/Spécial:IndexPages?key=Jean+intitle%3AGiraudoux,64,fr
https://fr.wikinews.org/w/index.php?title=Special%3ALog&user=Grondin,8,fr
https://fr.wiktionary.org/wiki/institution,82,fr
https://francais.rt.com/magazines/polit-mag,13,fr
https://fr.wikipedia.org/wiki/Spécial:Connexion,7,fr
https://fr.wikisource.org/w/index.php?title=Le_Portefeuille&oldid=4916268,11,fr
https://fr.wikipedia.org/wiki/Crise_américano-iranienne_de_2019-2020,117,fr
https://fr.wikinews.org/wiki/Cat%C3%A9gorie:Wikimedia_Foundation,26,fr
https://fr.wikipedia.org/wiki/Associated_Press,96,fr
https://fr.wikipedia.org/w/index.php?title=Mod%C3%A8le:Palette_%C3%89ph%C3%A9m%C3%A9ride/Test&action=edit&preload=Mod%C3%A8le%3ADocumentation%2FPreload3,15,fr
https://fr.wikipedia.org/wiki/Barre_verticale,41,fr
https://fr.wikipedia.org/wiki/2001,222,fr
https://fr.wikipedia.org/w/index.php?title=Sp%C3%A9cial:Connexion/signup&campaign=anoneditwarning&returnto=Mod%C3%A8le:Palette_Histoire_du_Venezuela&returntoquery=action%3Dedit,7,fr
https://fr.wikipedia.org/w/index.php?title=Modèle:Palette_Éphéméride&oldid=154881884,59,fr
https://fr.wikipedia.org/wiki/Olof_Palme,88,fr
https://fr.wikipedia.org/w/index.php?title=Abdrabbo_Mansour_Hadi&oldid=166188939,90,fr
https://fr.wikinews.org/w/index.php?title=Sp%C3%A9cial:Log&type=block&page=User:Mattho69,8,fr
https://fr.wikipedia.org/wiki/Licence_de_documentation_libre_GNU,120,fr
https://fr.wikipedia.org/wiki/personnes_%C3%A2g%C3%A9es,32,fr
https://fr.wikisource.org/wiki/Auteur:Julie_de_Qu%C3%A9rangal,21,fr
https://fr.wikipedia.org/w/index.php?title=Crise_présidentielle_de_2019-2020_au_Venezuela&oldid=167654405,290,fr
https://fr.wikipedia.org/wiki/BBC_News,56,fr
https://fr.wikinews.org/w/index.php?title=Wikinews:Notre_objectif&oldid=811801,33,fr
https://fr.wiktionary.org/w/index.php?title=faire_l’école_buissonnière&oldid=27198414,45,fr
https://fr.wikipedia.org/w/index.php?title=Wikinews&action=edit,17,fr
https://fr.wikipedia.org/w/index.php?title=Mod%C3%A8le:Palette_R%C3%A9daction_encyclop%C3%A9dique&action=edit,10,fr
https://fr.wiktionary.org/wiki/Wiktionnaire:Page_d%E2%80%99accueil,216,fr
https://fr.wikisource.org/wiki/Philippe_de_Morvelle,11,fr
https://fr.wiktionary.org/w/index.php?title=wiki&oldid=27468506,79,fr
https://fr.wikiversity.org/w/index.php?title=Jean_Giraudoux/Le%C3%A7ons&action=edit,17,fr
https://fr.wikipedia.org/w/index.php?title=Hirak_(Alg%C3%A9rie)&action=info#mw-pageinfo-watchers,11,fr
https://fr.scribd.com/subscribe-now,62,fr
https://fr.wikisource.org/wiki/,115,fr
https://francais.rt.com/podcasts,13,fr
https://fr.wikibooks.org/wiki/Wikilivres:Candidature_au_statut_d%27administrateur,100,fr
https://fr.wikipedia.org/w/index.php?title=Pierre-Jules_Hetzel&veaction=edit&section=0,98,fr
https://fr.wikinews.org/wiki/Wikinews:Notre_objectif,33,fr
https://fr.wikipedia.org/wiki/Biblioth%C3%A8que_nationale_de_la_Di%C3%A8te,74,fr
https://fr.wikipedia.org/w/index.php?title=BBC_News&action=edit,17,fr
https://fr.wikipedia.org/w/index.php?title=Guerre_civile_y%C3%A9m%C3%A9nite&action=info#mw-pageinfo-watchers,11,fr
https://fr.wikipedia.org/wiki/hyperlien,96,fr
https://fr.wikisource.org/wiki/Cat%C3%A9gorie:1986,26,fr
https://fr.wikipedia.org/w/index.php?title=Sp%C3%A9cial:Log&type=block&page=User:Bokken,8,fr
https://fr.wikinews.org/wiki/Cat%C3%A9gorie:Le_Monde,21,fr
https://fr.wiktionary.org/wiki/Spécial:Créer_un_compte,7,fr
https://fr.wikinews.org/w/index.php?title=Sp%C3%A9cial:Journal&type=review&page=Mod%C3%A8le:Une_1,8,fr
https://fr.wikinews.org/w/index.php?title=Sp%C3%A9cial:Journal&type=review&page=Mod%C3%A8le:Une_2,8,fr
https://fr.wikinews.org/w/index.php?title=Sp%C3%A9cial:Journal&type=review&page=Mod%C3%A8le:Une_3,8,fr
https://fr.wikipedia.org/w/index.php?title=Jules_Verne&oldid=167793768,210,fr
https://fr.wikipedia.org/wiki/Wikimedia_Foundation,336,fr
https://frr.wikipedia.org/wiki/1986,211,fr
https://fr.wikipedia.org/w/index.php?title=Sp%C3%A9cial:Connexion&returnto=Crise_am%C3%A9ricano-iranienne_de_2019-2020&returntoquery=action%3Dedit,7,fr
https://fr.wikipedia.org/wiki/Dingo_(roman),25,fr
https://fr.wikipedia.org/wiki/Hollywood,139,fr
https://fr.wikipedia.org/wiki/WorldCat,64,fr
https://fr.wikipedia.org/w/index.php?title=Martin_Luther&oldid=167821295,225,fr
https://fr.wikisource.org/w/index.php?title=Les_Écrivains/Maurice_Maeterlinck&oldid=4486788,10,fr
https://fr.wiktionary.org/wiki/ISBN,34,fr
https://frr.wikipedia.org/wiki/Martin_Luther,190,fr
https://fr.wiktionary.org/w/index.php?title=Cat%C3%A9gorie:francoproven%C3%A7al&from=c#mw-pages,65,fr
https://fr.wikipedia.org/wiki/Joseph_Caillaux,53,fr
https://fr.wikipedia.org/w/index.php?title=Mod%C3%A8le:Palette_Personnes_li%C3%A9es_au_mouvement_anarchiste&action=edit,17,fr
https://fr.wikinews.org/w/index.php?title=Fukushima_:_la_proc%C3%A9dure_%C3%A0_froid_est_accomplie_la_centrale_est_arr%C3%AAt%C3%A9e&diff=767723&oldid=386444,17,fr
https://fr.wikipedia.org/w/index.php?title=Mod%C3%A8le:Palette_Lutte_contre_le_terrorisme_islamiste&action=edit,17,fr
https://fr.wikipedia.org/wiki/Num%C3%A9ro_de_contr%C3%B4le_de_la_Biblioth%C3%A8que_du_Congr%C3%A8s,68,fr
https://fr.wikinews.org/w/index.php?title=Wikinews:Supervision_de_qualité&oldid=611246,18,fr
https://fr.wikipedia.org/wiki/R%C3%A8gle_du_1%25,38,fr
https://fr.wiktionary.org/wiki/encyclop%C3%A9die,110,fr
https://fr.wikinews.org/wiki/en:Wikinews:Print_edition,24,fr
https://fr.wikinews.org/wiki/Wikinews:Avis_de_voyage,17,fr
https://fr.wikipedia.org/w/index.php?title=Sp%C3%A9cial:Pages_li%C3%A9es/Projet:Mod%C3%A8le&hidetrans=1&hidelinks=1&hideimages=1,11,fr
https://fr.wikiversity.org/wiki/Wikiversit%C3%A9:Accueil,66,fr
https://fr.wikipedia.org/w/index.php?title=Paul_III&oldid=167025255,89,fr
https://fr.wikiquote.org/wiki/,132,fr
https://fr.wikipedia.org/w/index.php?title=Mod%C3%A8le:Palette_Groupe_TF1&action=edit,17,fr
https://fr.wiktionary.org/wiki/faire_l%E2%80%99%C3%A9cole_buissonni%C3%A8re,45,fr
https://fr.wikiversity.org/w/index.php?title=Jean_Giraudoux/Voir_aussi&action=edit,17,fr
https://fr.wikinews.org/wiki/,95,fr
https://fr.wiktionary.org/wiki/Wiktionnaire:Page_d’accueil,216,fr
https://fr.wikisource.org/wiki/Cat%C3%A9gorie:Papes,25,fr
https://fr.wikipedia.org/wiki/Encyclop%C3%A6dia_Britannica,126,fr
https://fr.wikipedia.org/wiki/Wikitexte,47,fr
https://fr.wikipedia.org/w/index.php?title=%C3%89mile_Littr%C3%A9&action=edit&section=0,66,fr
https://fr.wikipedia.org/wiki/Assassinat_d%27Olof_Palme,43,fr
https://fr.wikipedia.org/wiki/Wikip%C3%A9dia:Sondage/Organisation_des_bas_de_page#Question_6_:_Placement_de_Notes_et_r.C3.A9f.C3.A9rences,26,fr
https://fr.wiktionary.org/wiki/Cat%C3%A9gorie:francoproven%C3%A7al,65,fr
https://fr.wikipedia.org/w/index.php?title=Abdrabbo_Mansour_Hadi&action=edit&section=0,21,fr
https://fr.wikinews.org/wiki/Wikip%C3%A9dia_c%C3%A9l%C3%A8bre_son_dixi%C3%A8me_anniversaire_en_ligne,59,fr
https://francais.rt.com/international/58763-venezuela-royaume-uni-espagne-reconnaissent-juan-guaido-president-interim,24,fr
https://fr.wikipedia.org/wiki/Base_L%C3%A9onore,28,fr
https://fr.wikinews.org/wiki/Lancement_des_projets_Wikivoyage_et_Wikidata,31,fr
https://fr.wikipedia.org/wiki/fr:Mediawiki,201,fr
https://fr.wikipedia.org/w/index.php?title=Discussion_Wikip%C3%A9dia:Conventions_typographiques&oldid=116909216#Conventions_pour_les_groupes_de_musique,128,fr
https://fr.wikinews.org/w/index.php?title=Modèle:Dossier_type&oldid=389593,15,fr
https://fr.wikinews.org/wiki/Cat%C3%A9gorie:Wikip%C3%A9dia,52,fr
https://fr.wikipedia.org/w/index.php?title=Mod%C3%A8le:Palette_Gr%C3%A8ve_%C3%A9tudiante_pour_le_climat/Test&action=edit&preload=Mod%C3%A8le%3ADocumentation%2FPreload3,15,fr
https://fr.wikipedia.org/wiki/MediaWiki,201,fr
https://fr.wikipedia.org/w/index.php?title=Crise_pr%C3%A9sidentielle_de_2019-2020_au_Venezuela&action=edit,17,fr
https://fr.wikinews.org/w/index.php?title=Cat%C3%A9gorie%3AWikilivres&type=revision&diff=649666&oldid=649573,9,fr
https://fr.wiktionary.org/w/index.php?title=Cat%C3%A9gorie:francoproven%C3%A7al&from=s#mw-pages,65,fr
https://fr.wikipedia.org/w/index.php?title=Redoublement&oldid=153283427,13,fr
https://fr.wikipedia.org/w/index.php?title=Olof_Palme&action=edit&section=0,18,fr
https://fr.wikipedia.org/wiki/fr:r%C3%A9seau_social,69,fr
https://fr.wikiversity.org/w/index.php?title=Jean_Giraudoux&oldid=739583,26,fr
https://fr.wikipedia.org/w/index.php?title=Sp%C3%A9cial:Connexion&returnto=Wikimedia_Foundation&returntoquery=action%3Dedit,7,fr
https://fr.wikipedia.org/wiki/L%27Abb%C3%A9_Jules,37,fr
https://fr.wikipedia.org/wiki/Alexa_Internet,91,fr
https://fr.wikipedia.org/w/index.php?title=Mod%C3%A8le:Palette_Pr%C3%A9sidents_de_la_Wikimedia_Foundation&action=edit,17,fr
https://fr.wikipedia.org/w/index.php?title=Mod%C3%A8le:Palette_Protestantisme&action=edit,17,fr
https://fr.wikinews.org/w/index.php?title=Special%3ALog&user=GrondinBot,8,fr
https://fr.wikipedia.org/wiki/International_Standard_Name_Identifier,65,fr
https://fr.wikipedia.org/wiki/en:GNU_Free_Documentation_License,134,fr
https://fr.wikipedia.org/w/index.php?title=Gr%C3%A8ve_%C3%A9tudiante_pour_le_climat&action=history,9,fr
https://fr.wikipedia.org/wiki/Guerre_civile_yéménite,261,fr
https://frp.wikipedia.org/wiki/1986,212,fr
https://fr.wikinews.org/wiki/Wikinews:Salle_caf%C3%A9/2012/mars#Protections,17,fr
https://fr.wikipedia.org/wiki/1468,175,fr
https://fr.wikipedia.org/w/index.php?title=Le_Pays_des_fourrures&action=edit&section=0,17,fr
https://fr.wikipedia.org/wiki/UTC,26,fr
https://fr.wikipedia.org/w/index.php?title=Gerald_Ford&oldid=40513267,149,fr
https://fr.wikipedia.org/w/index.php?title=28_février&oldid=167921358,217,fr
https://fr.wikipedia.org/w/index.php?title=Octave_Mirbeau&action=edit,50,fr
https://fr.wikipedia.org/wiki/Le_Journal_d%27une_femme_de_chambre,58,fr
https://fr.wikipedia.org/wiki/International_Standard_Book_Number,146,fr
https://fr.wikipedia.org/w/index.php?title=Sp%C3%A9cial:Connexion&returnto=Guerre_du_Saada&returntoquery=action%3Dedit,7,fr
https://fr.wikipedia.org/w/index.php?title=Sp%C3%A9cial:Connexion/signup&campaign=anoneditwarning&returnto=Hirak_(Alg%C3%A9rie)&returntoquery=action%3Dedit,7,fr
https://fr.wikinews.org/w/index.php?title=Yémen_:_les_rebelles_s%27emparent_du_palais_présidentiel&oldid=568901,24,fr
https://fr.wikipedia.org/wiki/Crise_pr%C3%A9sidentielle_de_2019_au_Venezuela,290,fr
https://fr.wikinews.org/w/index.php?title=Mod%C3%A8le:Une_1&action=edit,9,fr
https://fr.wikipedia.org/wiki/Free_Software_Foundation,96,fr
https://fr.wikinews.org/wiki/WikiLeaks_:_l%E2%80%99%C3%89quateur_accorde_l%27asile_politique_%C3%A0_Julian_Assange,32,fr
https://fr.wikipedia.org/wiki/Fichier_d%27autorit%C3%A9_international_virtuel,80,fr
https://fr.wikibooks.org/wiki/Accueil,130,fr
https://fr.wikipedia.org/w/index.php?title=Mod%C3%A8le:Palette_Jeux_de_mots&action=edit,17,fr
https://fr.wikipedia.org/w/index.php?title=Acronymie&oldid=167859228,90,fr
https://fr.wikipedia.org/wiki/1899_en_litt%C3%A9rature,28,fr
https://fr.wikipedia.org/wiki/a%C3%A9roport_international_d%27Honolulu,80,fr
https://fr.wikipedia.org/w/index.php?title=28_f%C3%A9vrier&action=info#mw-pageinfo-watchers,11,fr
https://fr.wikinews.org/wiki/Wikinews:Radio,18,fr
https://fr.wikisource.org/w/index.php?title=Essai_sur_l’amélioration_des_races_chevalines_de_la_France&oldid=4499823,11,fr
https://fr.wikiquote.org/wiki/Wikiquote:Accueil,132,fr
https://fr.wikipedia.org/wiki/Martin_Luther,225,fr
https://fr.wikipedia.org/w/index.php?title=Mod%C3%A8le:Palette_France_T%C3%A9l%C3%A9visions&action=edit,17,fr
https://fr.wikipedia.org/w/index.php?title=Ahmed_Awad_ben_Moubarak&oldid=166628359,24,fr
https://fr.wikipedia.org/w/index.php?title=Mod%C3%A8le:Palette_Gr%C3%A8ve_%C3%A9tudiante_pour_le_climat&action=edit,17,fr
https://fr.wikipedia.org/wiki/Pape,187,fr
https://fr.wikipedia.org/w/index.php?title=Jules_Verne&oldid=153846599,191,fr
https://fr.wikiquote.org/wiki/Martin_Luther,61,fr
https://fr.wiktionary.org/wiki/pape,100,fr
https://fr.wikipedia.org/wiki/1902_en_litt%C3%A9rature,31,fr
https://fr.wikinews.org/wiki/Cat%C3%A9gorie:Mediawiki,16,fr
https://fr.scribd.com/books,107,fr
https://fr.wikipedia.org/wiki/BFM_Business,28,fr
https://fr.wikipedia.org/w/index.php?title=Sp%C3%A9cial:Journal&type=protect&page=Wikip%C3%A9dia:Conventions_typographiques,8,fr
https://fr.wikipedia.org/wiki/Internet_dans_le_monde,53,fr
https://fr.wikipedia.org/wiki/Wikipédia:Accueil_principal,358,fr
https://fr.wikipedia.org/w/index.php?title=Projet:Modèle&oldid=163630458,65,fr
https://fr.wikisource.org/wiki/Wikisource:Administrateurs,85,fr
https://fr.wikipedia.org/w/index.php?title=Catégorie:1986&oldid=94843801,145,fr
https://fr.wikisource.org/wiki/Pr%C3%A9lude_(Mirbeau),11,fr
https://fr.wiktionary.org/w/index.php?title=Cat%C3%A9gorie:francoproven%C3%A7al&from=a#mw-pages,65,fr
https://fr.wikinews.org/w/index.php?title=France_:_29%C3%A8me_Salon_du_bien-%C3%AAtre_M%C3%A9decine_Douce_%26_Thalasso_%C3%A0_Paris&direction=next&oldid=398247,25,fr
https://fr.wikipedia.org/wiki/wiki,160,fr
https://fr.wikipedia.org/w/index.php?title=Wikip%C3%A9dia&action=edit&section=0,10,fr
https://fr.wikinews.org/wiki/fr:Y%C3%A9men_:_les_rebelles_s%27emparent_du_palais_pr%C3%A9sidentiel,22,fr
https://fr.wikipedia.org/w/index.php?title=Mod%C3%A8le:Palette_Histoire_du_Venezuela/Test&action=edit&preload=Mod%C3%A8le%3ADocumentation%2FPreload3,15,fr
https://fr.wikipedia.org/w/index.php?title=Jules_Verne&oldid=153846599&diff=cur,210,fr
https://fr.wiktionary.org/wiki/interwiki,20,fr
https://fr.wikisource.org/wiki/Bordereau_de_l%27affaire_Dreyfus,12,fr
https://fr.wikipedia.org/wiki/wikt:Cat%C3%A9gorie:francoproven%C3%A7al,65,fr
https://fr.wikiversity.org/wiki/Wikiversit%C3%A9:Biblioth%C3%A9caire/Liste_des_biblioth%C3%A9caires,37,fr
https://francais.rt.com/magazines/la-grande-interview,13,fr
https://fr.wikipedia.org/wiki/Reuters,122,fr
https://fr.wikipedia.org/w/index.php?title=Sp%C3%A9cial:Connexion&returnto=Mod%C3%A8le:Palette_Guerre_civile_Y%C3%A9men&returntoquery=action%3Dedit,7,fr
https://fr.wikipedia.org/w/index.php?title=Guerre_civile_yéménite&oldid=167777964,261,fr
https://fr.wikipedia.org/wiki/fr:de_facto,95,fr
https://fr.wikinews.org/w/index.php?title=Mod%C3%A8le:Une_3&action=edit,8,fr
https://fr.wikibooks.org/wiki/MediaWiki_pour_d%C3%A9butants,24,fr
https://fr.wikipedia.org/wiki/Modèle:Palette_Gouvernement_Daladier_345,17,fr
https://fr.wikinews.org/w/index.php?title=Catégorie:Wikimedia&oldid=535148,37,fr
https://fr.wiktionary.org/w/index.php?title=Cat%C3%A9gorie:francoproven%C3%A7al&from=y#mw-pages,65,fr
https://fr.wikipedia.org/w/index.php?title=Sp%C3%A9cial:Connexion&returnto=Guerre_civile_y%C3%A9m%C3%A9nite&returntoquery=action%3Dedit,7,fr
https://fr.wikiquote.org/w/index.php?title=Térence&oldid=288711,46,fr
https://fr.wiktionary.org/w/index.php?title=Cat%C3%A9gorie:francoproven%C3%A7al&until=%EF%BF%AE#mw-pages,65,fr
https://fr.wikipedia.org/wiki/Projet:Infobox,30,fr
https://fr.wikipedia.org/w/index.php?title=Mod%C3%A8le:Palette_%C3%89ph%C3%A9m%C3%A9ride&action=history,21,fr
https://fr.wiktionary.org/wiki/ant%C3%A9pos%C3%A9,11,fr
https://fr.wikipedia.org/wiki/Modèle:Palette_Guerre_civile_Yémen,21,fr
https://fr.wikipedia.org/wiki/q:Accueil,132,fr
https://fr.wikipedia.org/w/index.php?title=Guerre_du_Saada&action=info#mw-pageinfo-watchers,11,fr
https://fr.wikipedia.org/w/index.php?title=Mod%C3%A8le:Palette_Histoire_du_Venezuela/Documentation&action=edit&preload=Mod%C3%A8le%3ADocumentation%2FPreload,15,fr
https://fr.wikinews.org/w/index.php?title=Nouveau-Brunswick_:_Perth-Andover_se_remet_des_inondations&diff=406626&oldid=406625,15,fr
https://fr.wikipedia.org/w/index.php?title=Agence_France-Presse&action=edit,18,fr
https://fr.wikipedia.org/wiki/Wikip%C3%A9dia:Wikip%C3%A9dia_est_une_encyclop%C3%A9die,31,fr
https://fr.wikinews.org/wiki/Wikinews:Politique_d%27accr%C3%A9ditation,23,fr
https://fr.wikinews.org/wiki/Y%C3%A9men_:_les_rebelles_s%27emparent_du_palais_pr%C3%A9sidentiel,22,fr
https://fr.wiktionary.org/wiki/%C3%A9lite,51,fr
https://francais.rt.com/international/58580-nicolas-maduro-rejette-idee-election-presidentielle-anticipee,15,fr
https://fr.wikipedia.org/w/index.php?title=Mod%C3%A8le:Palette_Classes_sociales&action=edit,17,fr
https://fr.wikipedia.org/w/index.php?title=Guerre_du_Saada&action=edit,17,fr
https://fr.wikipedia.org/wiki/Modèle:Palette_Wikimedia_Foundation,118,fr
https://fr.wikinews.org/w/index.php?title=Lancement_r%C3%A9ussi_pour_la_navette_Endeavour&diff=767726&oldid=629958,32,fr
https://fr.wikinews.org/w/index.php?title=Wikinews:Salle_café/2012/mars&oldid=407415,17,fr
https://fr.wikipedia.org/w/index.php?title=Mod%C3%A8le:Palette_Agences_de_presse&action=edit,17,fr
https://fr.wikipedia.org/w/index.php?title=Sp%C3%A9cial:Connexion/signup&campaign=anoneditwarning&returnto=Guerre_du_Saada&returntoquery=action%3Dedit,7,fr
https://fr.wikipedia.org/wiki/Biblioth%C3%A8que_nationale_australienne,70,fr
https://fr.wikipedia.org/w/index.php?title=Projet:Mod%C3%A8le&action=purge,8,fr
https://fr.wikisource.org/w/index.php?title=Wikisource:Accueil&oldid=10156212,115,fr
https://frr.wikinews.org/wiki/,11,fr
https://fr.wikipedia.org/w/index.php?title=Guerre_du_Saada&oldid=122195456,55,fr
https://fr.m.wikinews.org,20,fr
https://fr.wiktionary.org/w/index.php?title=Cat%C3%A9gorie:francoproven%C3%A7al&from=d#mw-pages,65,fr
https://fr.wikinews.org/w/index.php?title=Aide:Comment_ajouter_du_contenu_avec_un_minimum_d%27effort&oldid=707218,10,fr
https://fr.wikinews.org/w/index.php?title=Special%3ALog&user=Savant-bot,8,fr
https://fr.wiktionary.org/w/index.php?title=Cat%C3%A9gorie:francoproven%C3%A7al&from=p#mw-pages,65,fr
https://fr.wikipedia.org/wiki/Grève_étudiante_pour_le_climat,215,fr
https://fr.wikipedia.org/w/index.php?title=Projet:Infobox&oldid=159464018,30,fr
https://fr.wikisource.org/wiki/Les_%C3%89crivains,11,fr
https://fr.wikisource.org/wiki/Auteur:Jules_Verne,128,fr
https://fr.wikinews.org/w/index.php?title=Dossier:Dossier_type/Derni%C3%A8re&action=edit&redlink=1&preload=Modèle:Dossier/Fait_marquant,13,fr
https://fr.wikisource.org/wiki/Auteur:Jean_Giraudoux,33,fr
https://fr.wikinews.org/w/index.php?title=Sp%C3%A9cial:Journal&type=review&page=Accueil,8,fr
https://fr.wikipedia.org/w/index.php?title=Mod%C3%A8le:Palette_Gouvernorats_du_Y%C3%A9men&action=edit,17,fr
https://fr.wikisource.org/w/index.php?title=Auteur:Jean_Giraudoux&oldid=10158272,33,fr
https://fr.wiktionary.org/w/index.php?title=redoublement&oldid=25946907,20,fr
https://fr.wiktionary.org/w/index.php?title=vendredire&action=edit,11,fr
https://fr.wikipedia.org/w/index.php?title=Julie_de_Querangal&action=edit&section=0,22,fr
https://fr.wikisource.org/wiki/Octave_Mirbeau,40,fr
https://fr.wikipedia.org/wiki/Jean_Giraudoux,113,fr
https://fr.wikipedia.org/w/index.php?title=Sp%C3%A9cial:Connexion&returnto=Crise_pr%C3%A9sidentielle_de_2019-2020_au_Venezuela&returntoquery=action%3Dedit,7,fr
https://fr.wikipedia.org/wiki/fr:Wikimedia,357,fr
https://fr.wikipedia.org/wiki/Ahmed_Awad_Moubarak,24,fr
https://fr.wikipedia.org/w/index.php?title=Mod%C3%A8le:Palette_Guerre_civile_Y%C3%A9men&action=edit,17,fr
https://fr.wikisource.org/w/index.php?title=Philippe_de_Morvelle&oldid=9076509,11,fr
https://fr.wikipedia.org/w/index.php?title=Mod%C3%A8le:Palette_Symboles_typographiques&action=edit,17,fr
https://fr.wikinews.org/w/index.php?title=Modèle:Une_1&oldid=815592,23,fr
https://fr.wikipedia.org/w/index.php?title=Sp%C3%A9cial:Connexion&returnto=Mod%C3%A8le:Palette_Lutte_contre_le_terrorisme_islamiste&returntoquery=action%3Dedit,7,fr
https://fr.wikipedia.org/w/index.php?title=Mod%C3%A8le:Palette_Guerre_civile_Y%C3%A9men/Documentation&action=edit&preload=Mod%C3%A8le%3ADocumentation%2FPreload,15,fr
https://fr.wikiquote.org/wiki/en:Olof_Palme,22,fr
https://fr.wiktionary.org/w/index.php?title=wikiwiki&oldid=23890435,27,fr
https://fr.wikipedia.org/w/index.php?title=Mod%C3%A8le:Palette_%C3%89ph%C3%A9m%C3%A9ride&action=edit,17,fr
https://fr.wikipedia.org/w/index.php?title=Mod%C3%A8le:Palette_Ath%C3%A9isme&action=history,9,fr
https://fr.wikiversity.org/wiki/Participer_%C3%A0_Wikip%C3%A9dia,27,fr
https://fr.wikipedia.org/wiki/Le_Foyer,21,fr
https://fr.wikisource.org/w/index.php?title=Acte_d’accusation_contre_le_capitaine_Dreyfus&oldid=4608270,11,fr
https://fr.wiktionary.org/w/index.php?title=hypersociabilit%C3%A9&action=edit,11,fr
https://fr.wikipedia.org/w/index.php?title=Wikimedia_Foundation&action=info#mw-pageinfo-watchers,87,fr
https://fr.wikivoyage.org/w/index.php?title=spécial:Nearby,7,fr
https://fr.wikinews.org/w/index.php?title=Wikinews:Interview&action=purge,7,fr
https://fr.wikipedia.org/wiki/Cha%C3%AEne_de_Ponzi,73,fr
https://fr.wikipedia.org/w/index.php?title=Julie_de_Querangal&action=edit,22,fr
https://francais.rt.com/magazines/interdit-d-interdire,218,fr
https://fr.wikipedia.org/w/index.php?title=France_24&oldid=167580271,90,fr
https://fr.scribd.com/magazines,202,fr
https://fr.wiktionary.org/wiki/-onyme,14,fr
https://fr.wiktionary.org/wiki/triumvirat,23,fr
https://fr.wikipedia.org/w/index.php?title=Sp%C3%A9cial:Connexion/signup&campaign=anoneditwarning&returnto=Jean_Giraudoux&returntoquery=action%3Dedit,7,fr
https://fr.wikipedia.org/wiki/fr:gratuit,13,fr
https://fr.wikisource.org/wiki/Auteur:Octave_Mirbeau,40,fr
https://fr.wikipedia.org/wiki/1848,190,fr
https://fr.wikisource.org/wiki/Vers_le_bonheur,10,fr
https://francais.rt.com/politique-de-confidentialite,62,fr
https://fr.wikipedia.org/w/index.php?title=Sp%C3%A9cial:Connexion/signup&campaign=anoneditwarning&returnto=Mod%C3%A8le:Palette_Gr%C3%A8ve_%C3%A9tudiante_pour_le_climat&returntoquery=action%3Dedit,7,fr
https://fr.scribd.com/snapshots,45,fr
https://fr.wiktionary.org/w/index.php?title=Catégorie:francoprovençal&oldid=24066546,65,fr
https://fr.wikipedia.org/w/index.php?title=Mod%C3%A8le:Palette_Lutte_contre_le_terrorisme_islamiste/Bac_%C3%A0_sable&action=edit&preload=Mod%C3%A8le%3ADocumentation%2FPreload2,15,fr
https://fr.wikipedia.org/w/index.php?title=Sp%C3%A9cial:Connexion&returnto=1986&returntoquery=action%3Dedit,7,fr
https://fr.wikipedia.org/w/index.php?title=Special:Newpages&limit=20&namespace=10,8,fr
https://fr.wikipedia.org/wiki/La_628-E8,24,fr
https://fr.wikipedia.org/wiki/b%C3%A9n%C3%A9vole,80,fr
https://fr.wikipedia.org/wiki/Union_List_of_Artist_Names,46,fr
https://fr.wikipedia.org/w/index.php?title=Wikimedia_Foundation&action=history,9,fr
https://fr.wikipedia.org/w/index.php?title=Mod%C3%A8le:Palette_Lutte_contre_le_terrorisme_islamiste/Documentation&action=edit&preload=Mod%C3%A8le%3ADocumentation%2FPreload,15,fr
https://fr.wikipedia.org/w/index.php?title=Wikivoyage&action=edit&section=0,17,fr
https://fr.wikipedia.org/w/index.php?title=Mod%C3%A8le:Palette_Guerre_civile_Y%C3%A9men&action=history,9,fr
https://fr.wikiquote.org/w/index.php?title=Jean_Giraudoux&oldid=256075,49,fr
https://fr.wikibooks.org/wiki/Wikip%C3%A9dia,41,fr
https://fr.wiktionary.org/wiki/de_facto,52,fr
https://fr.wikivoyage.org/w/index.php?title=Avis_de_voyage&oldid=337835,16,fr
https://fr.wiktionary.org/w/index.php?title=Cat%C3%A9gorie:francoproven%C3%A7al&from=m#mw-pages,65,fr
https://fr.wikipedia.org/wiki/milliard,92,fr
https://fr.wikinews.org/w/index.php?title=Catégorie:28_février&oldid=634464,18,fr
https://fr.wiktionary.org/w/index.php?title=Cat%C3%A9gorie:francoproven%C3%A7al&from=j#mw-pages,65,fr
https://fr.wikinews.org/w/index.php?title=Accueil&stableid=814996,96,fr
https://fr.wikipedia.org/wiki/fran%C3%A7ais,296,fr
https://fr.wikipedia.org/w/index.php?title=Mod%C3%A8le:Palette_R%C3%A8gles_et_recommandations&action=edit,17,fr
https://fr.wikipedia.org/wiki/v:Accueil,66,fr
https://francais.rt.com/international/58742-nouvelle-menace-paris-laisse-a-maduro-jusque-ce-soir-organiser-presidentielles,20,fr
https://fr.wikipedia.org/w/index.php?title=Assassinat_d%27Olof_Palme&action=info#mw-pageinfo-watchers,12,fr
https://fr.wikipedia.org/w/index.php?title=Mod%C3%A8le:Palette_Pr%C3%A9sidents_du_conseil_des_ministres_de_la_Troisi%C3%A8me_R%C3%A9publique_fran%C3%A7aise&action=edit,15,fr
https://fr.wikipedia.org/wiki/France_24,90,fr
https://fr.wikiquote.org/wiki/T%C3%A9rence,46,fr
https://fr.wikipedia.org/w/index.php?title=Grève_étudiante_pour_le_climat&oldid=167256895,215,fr
https://fr.wikinews.org/w/index.php?title=Wikinews:Reportage_original&oldid=721104,31,fr
https://fr.wikipedia.org/wiki/Wikimedia,357,fr
https://fr.wikiquote.org/wiki/Agence_France-Presse,14,fr
https://fr.wikipedia.org/w/index.php?title=Mod%C3%A8le:Palette_Guerre_civile_Y%C3%A9men/Test&action=edit&preload=Mod%C3%A8le%3ADocumentation%2FPreload3,15,fr
https://fr.wikinews.org/w/index.php?title=Wikinews:Avis_de_voyage&oldid=806026,17,fr
https://fr.wikipedia.org/wiki/Jorge_Sempr%C3%BAn,75,fr
https://fr.wikipedia.org/w/index.php?title=Special:Contributions&limit=500&contribs=user&target=Gu%C3%A9rin+Nicolas&namespace=10,13,fr
https://fr.wikipedia.org/w/index.php?title=Wikipédia:Conventions_typographiques&oldid=167764157,163,fr
https://fr.euronews.com/2019/04/12/algerie-bensalah-desormais-dans-le-viseur-des-manifestants,27,fr
https://fr.wikipedia.org/wiki/Wikivoyage,104,fr
https://fr.wikibooks.org/w/index.php?title=Catégorie:Wikis&oldid=484714,65,fr
https://fr.wikiquote.org/wiki/Jean_Giraudoux,49,fr
https://francais.rt.com/international/58614-venezuela-parlement-europeen-reconnait-opposant-juan-guaido-president-legitime,15,fr
https://fr.wiktionary.org/w/index.php?title=Cat%C3%A9gorie:francoproven%C3%A7al&from=l#mw-pages,65,fr
https://fr.wikisource.org/w/index.php?title=La_Pipe_de_cidre_(recueil)&oldid=4497459,12,fr
https://fr.wikipedia.org/wiki/en:comScore,62,fr
https://fr.wikinews.org/w/index.php?title=Dossier:Dossier_type/Premi%C3%A8re&action=edit&redlink=1&preload=Modèle:Dossier/Fait_marquant,13,fr
https://fr.wikipedia.org/wiki/1917,214,fr
https://fr.wikipedia.org/wiki/Biblioth%C3%A8que_et_Archives_nationales_du_Qu%C3%A9bec,44,fr
https://fr.wikipedia.org/w/index.php?title=Wikipédia&oldid=167032313,757,fr
https://fr.wikipedia.org/wiki/Gemeinsame_Normdatei,75,fr
https://fr.wikipedia.org/w/index.php?title=Sp%C3%A9cial:Connexion&returnto=Wikinews&returntoquery=action%3Dedit,7,fr
https://fr.wikipedia.org/wiki/politesse,41,fr
https://fr.wikipedia.org/wiki/Wikiquote,142,fr
https://fr.wikipedia.org/w/index.php?title=BBC_News&oldid=164499368,56,fr
https://fr.wikipedia.org/w/index.php?title=Mod%C3%A8le:Palette_Composition_Acad%C3%A9mie_fran%C3%A7aise&action=edit,17,fr
https://fr.wikipedia.org/wiki/affaire_Dreyfus,160,fr
https://fr.wikipedia.org/w/index.php?title=Pierre-Jules_Hetzel&oldid=167449578,98,fr
https://fr.wiktionary.org/wiki/hyperlien,28,fr
https://fr.wikisource.org/w/index.php?title=Catégorie:1986&oldid=4449755,28,fr
https://fr.wikipedia.org/w/index.php?title=1986&action=info#mw-pageinfo-watchers,11,fr
https://fr.wiktionary.org/w/index.php?title=Cat%C3%A9gorie:francoproven%C3%A7al&from=q#mw-pages,65,fr
https://fr.wikisource.org/wiki/Claudius_Bombarnac/1,10,fr
https://fr.wiktionary.org/w/index.php?title=wiki&action=edit,11,fr
https://fr.wikisource.org/wiki/T%C3%A9rence,36,fr
https://fr.wikipedia.org/w/index.php?title=Projet:Mod%C3%A8le/Demandes&action=edit&section=new&preload=Projet:Modèle/Demandes/Requête,15,fr
https://fr.wikipedia.org/w/index.php?title=%C3%89glise_catholique&action=edit&section=0,17,fr
https://fr.wikipedia.org/w/index.php?title=Guerre_civile_y%C3%A9m%C3%A9nite&action=history,9,fr
https://fr.wikibooks.org/w/index.php?title=Wikipédia/Découvrir_Wikipédia/Les_projets_associés_à_Wikipédia&oldid=526628,20,fr
https://fr.wikipedia.org/w/index.php?title=Mod%C3%A8le:Palette_%C3%89ph%C3%A9m%C3%A9ride/Documentation&action=edit&preload=Mod%C3%A8le%3ADocumentation%2FPreload,15,fr
https://fr.wikipedia.org/w/index.php?title=Olof_Palme&oldid=162355902,88,fr
https://francais.rt.com/international/58758-refusant-faire-preuve-lachete-face-pressions-maduro-rejette-ultimatum-europeen,23,fr
https://fr.wikipedia.org/wiki/Universit%C3%A9s_aux_%C3%89tats-Unis,26,fr
https://fr.wiktionary.org/w/index.php?title=Cat%C3%A9gorie:francoproven%C3%A7al&from=g#mw-pages,65,fr
https://fr.wikipedia.org/w/index.php?title=Mod%C3%A8le:Palette_Wikimedia_Foundation&action=edit,17,fr
https://fr.wiktionary.org/wiki/fonds,120,fr
https://fr.wikipedia.org/w/index.php?title=Abraham_Lincoln&oldid=40248154,197,fr
https://fr.wikipedia.org/w/index.php?title=Crise_américano-iranienne_de_2019-2020&oldid=167898514,117,fr
https://frr.wikipedia.org/wiki/Jules_Verne,125,fr
https://fr.wikipedia.org/w/index.php?title=International_Standard_Book_Number&oldid=166809933,146,fr
https://fr.wikipedia.org/w/index.php?title=Jean_Giraudoux&veaction=edit&section=0,113,fr
https://fr.wikinews.org/wiki/Cat%C3%A9gorie:29_f%C3%A9vrier,18,fr
https://francais.rt.com/international/28228-yemen-10-morts-frappe-coalition-arabie-saoudite,14,fr
https://fr.wikipedia.org/wiki/fr:Wikimedia_Foundation,336,fr
https://fr.wikipedia.org/w/index.php?title=Sp%C3%A9cial:Connexion/signup&campaign=anoneditwarning&returnto=Mod%C3%A8le:Palette_Personnes_li%C3%A9es_au_mouvement_anarchiste&returntoquery=action%3Dedit,7,fr
https://fr.wikipedia.org/w/index.php?title=Mod%C3%A8le:Palette_Guerre_civile_Y%C3%A9men&action=purge,8,fr
https://frr.wikibooks.org/wiki/,11,fr
https://fr.wikipedia.org/wiki/b:Accueil,130,fr
https://fr.wikipedia.org/w/index.php?title=Modèle:Palette_Grève_étudiante_pour_le_climat&oldid=167403978,22,fr
https://fr.wikipedia.org/wiki/Modèle:Palette_Éphéméride,59,fr
https://fr.wikinews.org/w/index.php?title=Sp%C3%A9cial%3AListe_des_utilisateurs&username=&group=trusteduser&limit=50,7,fr
https://fr.wiktionary.org/wiki/Cat%C3%A9gorie:Principale,130,fr
https://fr.wikipedia.org/w/index.php?title=%C3%89lite&action=edit,17,fr
https://fr.wikipedia.org/w/index.php?title=Sp%C3%A9cial:Connexion&returnto=Olof_Palme&returntoquery=action%3Dedit,7,fr
https://fr.wikipedia.org/w/index.php?title=Sp%C3%A9cial:Connexion&returnto=Jean_Giraudoux&returntoquery=action%3Dedit,7,fr
https://fr.wikiversity.org/wiki/Litt%C3%A9rature_de_jeunesse_en_anglais_:_P.-J._Stahl_La_transformation_de_Maitre_Tom/Pr%C3%A9sentation_du_livre,13,fr
https://fr.wikinews.org/w/index.php?title=Y%C3%A9men_:_les_rebelles_s%27emparent_du_palais_pr%C3%A9sidentiel&action=purge,8,fr
https://fr.wikipedia.org/w/index.php?title=Sp%C3%A9cial:Log&type=block&page=User:Croquant,8,fr
https://fr.wikinews.org/wiki/Wikinews:Interview,14,fr
https://fr.wikipedia.org/w/index.php?title=Sp%C3%A9cial:Connexion/signup&campaign=anoneditwarning&returnto=Mod%C3%A8le:Palette_Guerre_civile_Y%C3%A9men&returntoquery=action%3Dedit,7,fr
https://fr.wikipedia.org/w/index.php?title=Crise_am%C3%A9ricano-iranienne_de_2019-2020&action=history,9,fr
https://fr.wikipedia.org/w/index.php?title=1986&action=history,12,fr
https://fr.wikisource.org/wiki/Le_Portefeuille,11,fr
https://fr.wikipedia.org/wiki/fr:Wikinews,146,fr
https://fr.wiktionary.org/w/index.php?title=Cat%C3%A9gorie:francoproven%C3%A7al&from=b#mw-pages,65,fr
https://fr.wikinews.org/wiki/Wikinews:Candidature_au_statut_d%27administrateur/FrankyLeRoutier,16,fr
https://fr.wikipedia.org/w/index.php?title=1468&action=edit,17,fr
https://fr.scribd.com/audiobooks,112,fr
https://fr.wikipedia.org/w/index.php?title=Mod%C3%A8le:Palette_Acc%C3%A8s_%C3%A0_la_connaissance_par_ordinateur&action=edit,17,fr
https://fr.m.wikipedia.org/wiki/Wikip%C3%A9dia:Accueil_principal,5,fr
https://fr.wikipedia.org/wiki/1903_en_litt%C3%A9rature,31,fr
https://fr.wikisource.org/wiki/L%E2%80%99%C3%89pid%C3%A9mie,11,fr
https://fr.wikipedia.org/wiki/%C3%89mile_Littr%C3%A9,68,fr
https://fr.wikivoyage.org/wiki/Spécial:Nearby,7,fr
https://fr.wikiversity.org/wiki/Le_Moulin_%C3%A0_paroles,17,fr
https://fr.wiktionary.org/w/index.php?title=Cat%C3%A9gorie:francoproven%C3%A7al&from=v#mw-pages,65,fr
https://fr.wikipedia.org/w/index.php?title=Wikipédia:Sondage/Organisation_des_bas_de_page&oldid=161577041,26,fr
https://fr.wikipedia.org/w/index.php?title=Reuters&oldid=167770324,122,fr
https://fr.wikinews.org/w/index.php?title=Nouveau-Brunswick_%3A_Perth-Andover_se_remet_des_inondations&diff=406674&oldid=406626,15,fr
https://fr.wikisource.org/w/index.php?title=L’Épidémie&oldid=5600423,11,fr
https://fr.wikipedia.org/w/index.php?title=Modèle:Palette_Lutte_contre_le_terrorisme_islamiste&oldid=163001249,31,fr
https://fr.wikipedia.org/w/index.php?title=1468&oldid=163870441,175,fr
https://fr.wiktionary.org/wiki/wikiwiki,26,fr
https://fr.wikipedia.org/wiki/Processus_(gestion_de_la_qualit%C3%A9),12,fr
https://fr.wikipedia.org/wiki/Wikip%C3%A9dia:Liste_des_administrateurs,284,fr
https://fr.wikibooks.org/wiki/Wikimedia,21,fr
https://fr.wikinews.org/w/index.php?title=Mod%C3%A8le:Dossier_type&action=purge,7,fr
https://francais.rt.com/magazines/cest-cash,13,fr
https://fr.wikipedia.org/w/index.php?title=Sp%C3%A9cial:Connexion/signup&campaign=anoneditwarning&returnto=28_f%C3%A9vrier&returntoquery=action%3Dedit,7,fr
https://fr.wikipedia.org/wiki/Gustave_Malcuit,23,fr
https://fr.wikipedia.org/wiki/Wikip%C3%A9dia,757,fr
https://fr.wikipedia.org/w/index.php?title=Assassinat_d%27Olof_Palme&action=edit,18,fr
https://fr.wikinews.org/w/index.php?title=Cat%C3%A9gorie:Guerre_du_Saada&action=purge,8,fr
https://fr.wikinews.org/w/index.php?title=Wikinews:Liste_des_administrateurs&oldid=805728,75,fr
https://fr.wiktionary.org/w/index.php?title=acronyme&oldid=27194392,53,fr
https://fr.wikipedia.org/w/index.php?title=Mod%C3%A8le:Palette_Gouvernement_Clemenceau_I&action=edit,17,fr
https://fr.wikipedia.org/wiki/gouvernorat_de_Sa%27dah,54,fr
https://fr.wikisource.org/wiki/Accueil,115,fr
https://fr.wikipedia.org/wiki/fr:InterWiki,32,fr
https://frr.wikipedia.org/wiki/1468,147,fr
https://fr.wikipedia.org/w/index.php?title=MediaWiki&oldid=165058644,201,fr
https://fr.wikipedia.org/w/index.php?title=1986&oldid=165666235,223,fr
https://fr.scribd.com/document/385479568/Octave-Mirbeau-en-toutes-langues,26,fr
https://fr.wikipedia.org/w/index.php?title=Wikitexte&oldid=163643037,47,fr
https://fr.wikinews.org/w/index.php?title=Catégorie:Guerre_du_Saada&oldid=588994,17,fr
https://fr.wikinews.org/wiki/Cat%C3%A9gorie:28_f%C3%A9vrier,18,fr
https://francais.rt.com/international/58770-italie-aurait-fait-capoter-declaration-ue-visant-reconnaitre-legitimite-guaido,17,fr
https://fr.wikipedia.org/w/index.php?title=Le_Monde&action=edit,17,fr
https://fr.wikipedia.org/w/index.php?title=Sp%C3%A9cial:Pages_li%C3%A9es/Wikip%C3%A9dia:Conventions_typographiques&hidetrans=1&hidelinks=1&hideimages=1,11,fr
https://fr.wikipedia.org/wiki/Contes_cruels_(Mirbeau),22,fr
https://fr.wikipedia.org/w/index.php?title=Élite&oldid=166852129,62,fr
https://fr.wikipedia.org/w/index.php?title=Gustave_Malcuit&action=history,9,fr
https://fr.wikipedia.org/w/index.php?title=Ahmed_Awad_ben_Moubarak&action=edit&section=0,18,fr
https://fr.wikisource.org/wiki/La_Pipe_de_cidre_%28recueil%29,12,fr
https://fr.wikisource.org/wiki/Auteur:T%C3%A9rence,36,fr
https://fr.wikinews.org/wiki/Cat%C3%A9gorie:Wikimedia,37,fr
https://fr.wikinews.org/w/index.php?title=Mod%C3%A8le:%C3%89ph%C3%A9m%C3%A9ride-6_mars&oldid=402573,20,fr
https://fr.wikipedia.org/wiki/Gr%C3%A8ve_%C3%A9tudiante_pour_le_climat,215,fr
https://fr.wikinews.org/wiki/Lancement_de_la_cha%C3%AEne_d%27information_continue_France_24_ce_soir,20,fr
https://fr.wikisource.org/wiki/Martin_Luther,50,fr
https://fr.wikipedia.org/wiki/Wikip%C3%A9dia:Projets_fr%C3%A8res,77,fr
https://fr.wikipedia.org,358,fr
https://fr.wikiversity.org/wiki/Utilisateur:Lionel_Scheepmans,62,fr
https://fr.wikinews.org/w/index.php?title=Sp%C3%A9cial%3AListe_des_utilisateurs&username=&group=facilitator&limit=50,7,fr
https://fr.wikisource.org/w/index.php?title=Auteur:Octave_Mirbeau&oldid=9459488,40,fr
https://fr.wikinews.org/wiki/en:Wikinews:Request_an_interview,12,fr
https://fr.wiktionary.org/w/index.php?title=giralducien&oldid=25835443,10,fr
https://fr.wikipedia.org/w/index.php?title=Gr%C3%A8ve_%C3%A9tudiante_pour_le_climat&action=edit,17,fr
https://fr.wiktionary.org/w/index.php?title=Sp%C3%A9cial:Connexion&type=signup,7,fr
https://fr.wikipedia.org/wiki/Modèle:Palette_Lutte_contre_le_terrorisme_islamiste,31,fr
https://fr.wikipedia.org/w/index.php?title=Sp%C3%A9cial:Connexion/signup&campaign=anoneditwarning&returnto=Wikimedia_Foundation&returntoquery=action%3Dedit,7,fr
https://fr.wikipedia.org/w/index.php?title=A%C3%A9roport_international_d%27Honolulu&action=edit&section=0,18,fr
https://fr.wiktionary.org/w/index.php?title=acronyme&action=edit,11,fr
https://fr.wikipedia.org/wiki/Wikisource,216,fr
https://fr.wiktionary.org/wiki/giralducien,10,fr
https://fr.wikipedia.org/wiki/acronyme,90,fr
https://fr.wikipedia.org/w/index.php?title=Hirak_(Alg%C3%A9rie)&action=history,9,fr
https://fr.wikipedia.org/wiki/Amphitryon_38,21,fr
https://fr.wikipedia.org/wiki/Manifestations_de_2019_en_Alg%C3%A9rie,553,fr
https://fr.wikinews.org/wiki/Accueil,95,fr
https://fr.wikipedia.org/w/index.php?title=28_f%C3%A9vrier&action=history,9,fr
https://fr.wikipedia.org/w/index.php?title=Modèle:Palette_Histoire_du_Venezuela&oldid=167518603,16,fr
https://frr.wikisource.org/wiki/,252,fr
https://fr.wikipedia.org/w/index.php?title=Paul_III&action=edit&section=0,22,fr
https://fr.wikinews.org/w/index.php?title=Special%3ALog&user=Rome2,10,fr
https://fr.wikipedia.org/wiki/Crise_am%C3%A9ricano-iranienne_de_2019-2020,117,fr
https://fr.wikisource.org/wiki/Deux_Ans_de_vacances/Chapitre_18,12,fr
https://fr.wikinews.org/w/index.php?title=Wikinews:Radio&oldid=771772,18,fr
https://fr.wikipedia.org/w/index.php?title=Sp%C3%A9cial:Connexion/signup&campaign=anoneditwarning&returnto=Assassinat_d%27Olof_Palme&returntoquery=action%3Dedit,7,fr
https://fr.wikipedia.org/w/index.php?title=Wikip%C3%A9dia:Demande_d%27intervention_sur_une_page_prot%C3%A9g%C3%A9e&action=edit&section=new&preload=Modèle:Préchargement_pour_requête_d'intervention_sur_une_page_protégée&preloadtitle=%7B%7Ba%27%7CWikip%C3%A9dia:Conventions_typographiques%7D%7D,16,fr
https://fr.wikipedia.org/wiki/Guerre_du_Saada,63,fr
https://fr.wikinews.org/wiki/Wikinews_en_fran%C3%A7ais_passe_la_barre_des_10_000_pages,14,fr
https://fr.wikisource.org/w/index.php?title=La_Vache_tachetée_(recueil)/Vers_le_bonheur&oldid=2669840,10,fr
https://fr.wikinews.org/wiki/Wikinews:Reportage_original,31,fr
https://fr.wikipedia.org/w/index.php?title=Crise_am%C3%A9ricano-iranienne_de_2019-2020&action=info#mw-pageinfo-watchers,11,fr
https://fr.wikipedia.org/w/index.php?title=Wikivoyage&oldid=152528129,104,fr
https://fr.wikipedia.org/w/index.php?title=Sp%C3%A9cial:Connexion&returnto=Hirak_(Alg%C3%A9rie)&returntoquery=action%3Dedit,7,fr
https://fr.scribd.com/docs,81,fr
https://fr.wikipedia.org/w/index.php?title=Sp%C3%A9cial:Connexion&returnto=Mod%C3%A8le:Palette_%C3%89ph%C3%A9m%C3%A9ride&returntoquery=action%3Dedit,7,fr
https://fr.wikipedia.org/w/index.php?title=29_f%C3%A9vrier&action=edit,17,fr
https://fr.wikinews.org/wiki/Mod%C3%A8le:Dossier_type,13,fr
https://fr.wikipedia.org/w/index.php?title=Sp%C3%A9cial:Connexion/signup&campaign=anoneditwarning&returnto=1986&returntoquery=action%3Dedit,7,fr
https://fr.wikipedia.org/w/index.php?title=Jules_Verne&action=edit&section=0,10,fr
https://fr.wikipedia.org/wiki/1897_en_litt%C3%A9rature,29,fr
https://fr.wikinews.org/w/index.php?title=Special%3ALog&user=Gyrostat,8,fr
https://fr.wikipedia.org/wiki/Projet:Mod%C3%A8le,65,fr
https://fr.wikipedia.org/wiki/Crise_présidentielle_de_2019-2020_au_Venezuela,290,fr
https://francais.rt.com/international/28354-incroyable-mais-vrai-ancien-bourreau-bahrein-conseiller-arabie-saoudite-y%C3%A9men-enquete,17,fr
https://fr.wikinews.org/w/index.php?title=Sp%C3%A9cial:Nouvelles_pages&feed=atom&hideredirs=1&limit=50&namespace=0&Reviewed=1&Patrolled=1,0,fr
https://fr.wikinews.org/w/index.php?title=Wikinews:Br%C3%A8ves&action=purge,7,fr
https://fr.wikivoyage.org/wiki/Accueil,72,fr
https://fr.wikinews.org/w/index.php?title=Special:CategoryTree&target=Principale&mode=0,8,fr
https://fr.wikiquote.org/w/index.php?title=Wikimedia_Foundation&oldid=244448,30,fr
https://fr.wikivoyage.org/wiki/,72,fr
https://fr.wikipedia.org/wiki/Le_Pays_des_fourrures,40,fr
https://fr.wikipedia.org/w/index.php?title=Mod%C3%A8le:Palette_Gouvernement_Briand_VIII_IX_X&action=edit,17,fr
https://frr.wikipedia.org/w/index.php?title=Wikipedia:Hoodsid&oldid=119615,180,fr
https://fr.wiktionary.org/w/index.php?title=Cat%C3%A9gorie:francoproven%C3%A7al&from=i#mw-pages,65,fr
https://fr.wikinews.org/w/index.php?title=Jeux_olympiques_d%27hiver_de_2010_:_Mo_Tae-Bum_remporte_l%27%C3%A9preuve_de_patinage_de_vitesse_sur_500_m&diff=767725&oldid=449631,25,fr
https://fr.wikipedia.org/w/index.php?title=Olof_Palme&action=info#mw-pageinfo-watchers,12,fr
https://fr.wikipedia.org/w/index.php?title=Mod%C3%A8le:Palette_Gouvernement_Daladier_345&action=edit,17,fr
https://fr.wikipedia.org/wiki/langues,42,fr
https://fr.wikipedia.org/wiki/Combats_litt%C3%A9raires,18,fr
https://fr.wikinews.org/w/index.php?title=Catégorie:Wikimedia_Foundation&oldid=441091,26,fr
https://fr.m.wikivoyage.org/wiki/Accueil,6,fr
https://frr.wikipedia.org/wiki/De_facto,93,fr
https://fr.wikipedia.org/w/index.php?title=Projet:Infobox/Demandes&action=edit&section=new&preload=Projet:Infobox/Demandes/Requête_1,15,fr
https://fr.wikibooks.org/wiki/,130,fr
https://fr.wikipedia.org/w/index.php?title=Mod%C3%A8le:Palette_Moteur_de_wiki&action=edit,17,fr
https://fr.wikipedia.org/wiki/Licence_Creative_Commons,76,fr
https://fr.wikiversity.org/wiki/Cat%C3%A9gorie:Principale,50,fr
https://fr.wikipedia.org/wiki/s:Accueil,115,fr
https://fr.wikipedia.org/wiki/Pierre-Jules_Hetzel,98,fr
https://fr.wikipedia.org/wiki/f%C3%A9vrier_1917,19,fr
https://fr.wikipedia.org/w/index.php?title=Martin_Luther&action=edit,60,fr
https://fr.wikipedia.org/w/index.php?title=Mod%C3%A8le:Palette_Gouvernement_Daladier_345&action=history,11,fr
https://fr.wiktionary.org/wiki/symposium,44,fr
https://fr.wikinews.org/wiki/Yémen_:_les_rebelles_s%27emparent_du_palais_présidentiel,22,fr
https://frp.wikipedia.org/w/index.php?title=Vouiquipèdia:Reçua_principâla&oldid=177025,228,fr
https://fr.wikipedia.org/wiki/Spécial:Créer_un_compte,7,fr
https://fr.wikivoyage.org/wiki/Wikivoyage:Exp%C3%A9dition_Mod%C3%A8les,17,fr
https://fr.wikipedia.org/w/index.php?title=Mod%C3%A8le:Palette_Presse_fran%C3%A7aise&action=edit,17,fr
https://fr.m.wiktionary.org,11,fr
https://fr.wikinews.org/w/index.php?title=Aide:Brèves&oldid=768578,23,fr
https://fr.wikipedia.org/w/index.php?title=Mod%C3%A8le:Palette_Codes_d%27identification&action=edit,17,fr
https://fr.wikipedia.org/w/index.php?title=Mod%C3%A8le:Palette_Histoire_du_Venezuela/Bac_%C3%A0_sable&action=edit&preload=Mod%C3%A8le%3ADocumentation%2FPreload2,15,fr
https://fr.wikipedia.org/wiki/Modèle:Palette_Personnes_liées_au_mouvement_anarchiste,17,fr
https://fr.wikipedia.org/w/index.php?title=Le_Monde&action=edit&section=0,17,fr
https://fr.wikipedia.org/wiki/n:Accueil,95,fr
https://fr.wikipedia.org/w/index.php?title=Julie_de_Querangal&oldid=152757430,29,fr
https://fr.wikipedia.org/w/index.php?title=Sp%C3%A9cial:Connexion&returnto=Mod%C3%A8le:Palette_Gouvernement_Daladier_345&returntoquery=action%3Dedit,7,fr
https://fr.wikivoyage.org/w/index.php?title=sp%C3%A9cial:Nearby,7,fr
https://francais.rt.com/international/27637-raids-meurtriers-sur-sanaa-coalition,14,fr
https://frp.wikipedia.org/wiki/Vouiquip%C3%A8dia,301,fr
https://fr.wikinews.org/wiki/Droit_en_France_:_le_Conseil_d%27%C3%89tat_valide_les_sanctions_prononc%C3%A9es_par_l%27Autorit%C3%A9_des_march%C3%A9s_financiers_%C3%A0_l%27encontre_de_Global_Equities_et_Global_Gestion_ainsi_que_leurs_dirigeants,37,fr
https://fr.wikipedia.org/wiki/Les_Vingt_et_un_Jours_d%27un_neurasth%C3%A9nique,23,fr
https://fr.wikinews.org/w/index.php?title=De_nouvelles_attaques_de_pirates_ont_%C3%A9t%C3%A9_rapport%C3%A9es_au_large_de_la_Somalie&diff=767727&oldid=251542,27,fr
https://fr.wikinews.org/w/index.php?title=Tous_les_sites_du_Groupe_Lagard%C3%A8re_en_panne_aujourd%27hui&oldid=400585,16,fr
https://fr.wikipedia.org/wiki/Wikilivres,12,fr
https://fr.wikipedia.org/wiki/Julie_de_Qu%C3%A9rangal,29,fr
https://fr.wikipedia.org/wiki/Th%C3%A9saurus,27,fr
https://frr.wikipedia.org/wiki/Wikipedia:Hoodsid,180,fr
https://fr.wikipedia.org/wiki/28_février,217,fr
https://fr.wikipedia.org/w/index.php?title=Sp%C3%A9cial:Log&type=block&page=User:Darkbowser,8,fr
https://fr.wiktionary.org/w/index.php?title=Cat%C3%A9gorie:francoproven%C3%A7al&from=t#mw-pages,65,fr
https://frp.wikipedia.org/wiki/Vouiquip%C3%A8dia:Re%C3%A7ua_princip%C3%A2la,227,fr
https://fr.wikipedia.org/wiki/Georges_Clemenceau,147,fr
https://fr.wikipedia.org/w/index.php?title=William_Tecumseh_Sherman&oldid=40513329,70,fr
https://fr.wikipedia.org/w/index.php?title=Gustave_Malcuit&veaction=edit&section=0,23,fr
https://fr.wikiversity.org/wiki/Wikiversité:Accueil,66,fr
https://fr.wikipedia.org/w/index.php?title=Crise_pr%C3%A9sidentielle_de_2019-2020_au_Venezuela&action=history,9,fr
https://frp.wikipedia.org/wiki/,227,fr
https://fr.wikinews.org/w/index.php?title=Wikipédia_célèbre_son_dixième_anniversaire_en_ligne&oldid=471322,61,fr
https://fr.wikipedia.org/w/index.php?title=Mod%C3%A8le:Palette_Wikimedia_Foundation&action=history,25,fr
https://fr.wikiquote.org/wiki/Jimmy_Wales,79,fr
https://fr.wikiquote.org/wiki/Wiki,29,fr
https://fr.wiktionary.org/wiki/sinophone,8,fr
https://fr.wikibooks.org/wiki/Wikip%C3%A9dia/D%C3%A9couvrir_Wikip%C3%A9dia/Les_projets_associ%C3%A9s_%C3%A0_Wikip%C3%A9dia,20,fr
https://fr.wikipedia.org/wiki/Le_Mort_qu%27il_faut,16,fr
https://fr.wiktionary.org/w/index.php?title=Cat%C3%A9gorie:francoproven%C3%A7al&from=x#mw-pages,65,fr
https://fr.wikinews.org/w/index.php?title=Special%3ALog&user=Mikani,9,fr
https://fr.wikipedia.org/wiki/accr%C3%A9ditation,41,fr
https://fr.wikinews.org/wiki/Cat%C3%A9gorie:AFP,12,fr
https://fr.wikipedia.org/w/index.php?title=Catégorie:Langue_francoprovençale&oldid=119835845,24,fr
https://fr.wikipedia.org/w/index.php?title=Sp%C3%A9cial:Connexion/signup&campaign=anoneditwarning&returnto=Mod%C3%A8le:Palette_Wikimedia_Foundation&returntoquery=action%3Dedit,7,fr
https://fr.wikipedia.org/w/index.php?title=Mod%C3%A8le:Palette_Histoire_du_Venezuela&action=info#mw-pageinfo-watchers,8,fr
https://fr.wikipedia.org/wiki/Commons,27,fr
https://fr.wikisource.org/wiki/Jules_Verne,128,fr
https://fr.wikiquote.org/w/index.php?title=Wikiquote:Accueil&oldid=284093,132,fr
https://fr.wikipedia.org/w/index.php?title=1986&action=edit,17,fr
https://fr.wikipedia.org/w/index.php?title=Olof_Palme&action=edit,18,fr
https://fr.wiktionary.org/w/index.php?title=Cat%C3%A9gorie:francoproven%C3%A7al&from=e#mw-pages,65,fr
https://fr.wikipedia.org/wiki/Renseignement,113,fr
https://fr.wikipedia.org/w/index.php?title=Sp%C3%A9cial:Connexion&returnto=Mod%C3%A8le:Palette_Histoire_du_Venezuela&returntoquery=action%3Dedit,7,fr
https://fr.wikinews.org/wiki/Wikinews:Liste_des_administrateurs,75,fr
https://fr.wikipedia.org/wiki/f%C3%A9vrier_1848,15,fr
https://fr.wikipedia.org/w/index.php?title=Mod%C3%A8le:Palette_Termes_bas%C3%A9s_sur_le_suffixe_-onyme&action=edit,17,fr
https://fr.wikipedia.org/wiki/Mediawiki,201,fr
https://fr.wikipedia.org/w/index.php?title=Jimmy_Wales&action=edit,61,fr
https://fr.euronews.com/2019/10/13/les-algeriens-manifestent-contre-un-nouveau-projet-de-loi-sur-les-hydrocarbures,24,fr
https://fr.wikinews.org/wiki/Discussion_utilisateur:Traroth,8,fr
https://fr.wikipedia.org/w/index.php?title=Mod%C3%A8le:Palette_Gouvernement_Doumergue_I&action=edit,17,fr
https://fr.wikipedia.org/wiki/%C3%89glise_catholique,181,fr
https://fr.wikiversity.org/wiki/Introduction_au_catholicisme,15,fr
https://fr.wiktionary.org/w/index.php?title=wikiwiki&action=edit,11,fr
https://fr.wikipedia.org/w/index.php?title=Sp%C3%A9cial:Connexion/signup&campaign=anoneditwarning&returnto=Guerre_civile_y%C3%A9m%C3%A9nite&returntoquery=action%3Dedit,7,fr
https://fr.wikipedia.org/wiki/Cat%C3%A9gorie:Langue_francoproven%C3%A7ale,24,fr
https://fr.wiktionary.org/wiki/vendredire,12,fr
https://fr.wikipedia.org/w/index.php?title=29_février&oldid=167924978,200,fr
https://fr.wiktionary.org/w/index.php?title=Cat%C3%A9gorie:francoproven%C3%A7al&from=n#mw-pages,65,fr
https://fr.wikipedia.org/wiki/fr:wiki,160,fr
https://fr.wikipedia.org/w/index.php?title=Sp%C3%A9cial:Connexion&returnto=Gr%C3%A8ve_%C3%A9tudiante_pour_le_climat&returntoquery=action%3Dedit,7,fr
https://fr.wikipedia.org/wiki/Jimmy_Wales,230,fr
https://fr.wikipedia.org/wiki/1888_en_litt%C3%A9rature,30,fr
https://fr.wikiquote.org/w/index.php?title=Wiki&oldid=276687,29,fr
https://fr.wikisource.org/w/index.php?title=Le_Pays_des_fourrures&oldid=7116238,14,fr
https://fr.wikiversity.org/wiki/,66,fr
https://fr.wikipedia.org/wiki/Les_affaires_sont_les_affaires,41,fr
https://fr.wikipedia.org/w/index.php?title=Guerre_du_Saada&action=history,9,fr
https://fr.wikipedia.org/wiki/Le_Monde,164,fr
https://fr.wikipedia.org/w/index.php?title=Pape&action=edit&section=0,17,fr
https://fr.wikipedia.org/w/index.php?title=Sp%C3%A9cial:Connexion/signup&campaign=anoneditwarning&returnto=Mod%C3%A8le:Palette_Gouvernement_Daladier_35&returntoquery=action%3Dedit,7,fr
https://fr.wikinews.org/w/index.php?title=Sp%C3%A9cial:Journal&type=review&page=Y%C3%A9men_:_les_rebelles_s%27emparent_du_palais_pr%C3%A9sidentiel,8,fr
https://fr.wikipedia.org/w/index.php?title=Mod%C3%A8le:Palette_%C3%89ph%C3%A9m%C3%A9ride&action=purge,8,fr
https://fr.wikiquote.org/wiki/Cat%C3%A9gorie:Pape,51,fr
https://fr.wikipedia.org/wiki/Guerre_civile_y%C3%A9m%C3%A9nite,261,fr
https://fr.wiktionary.org/w/index.php?title=Cat%C3%A9gorie:francoproven%C3%A7al&from=o#mw-pages,65,fr
https://fr.wikipedia.org/w/index.php?title=Gustave_Malcuit&action=edit&section=0,23,fr
https://fr.wikisource.org/w/index.php?title=La_Vache_tachetée_(recueil)&oldid=7117228,12,fr
https://fr.wikipedia.org/w/index.php?title=Modèle:Palette_Guerre_civile_Yémen&oldid=162762665,21,fr
https://fr.wikipedia.org/wiki/Syst%C3%A8me_universitaire_de_documentation,71,fr
https://fr.wikinews.org/w/index.php?title=Mod%C3%A8le:Une_2&stableid=815591,11,fr
https://fr.wikipedia.org/w/index.php?title=Mod%C3%A8le:Palette_Printemps_arabe&action=edit,17,fr
https://fr.wiktionary.org/wiki/wiki,79,fr
https://fr.wikipedia.org/w/index.php?title=Wikimedia_Foundation&oldid=167715205,336,fr
https://fr.wikipedia.org/w/index.php?title=Wiki&oldid=167913266,160,fr
https://fr.wiktionary.org/wiki/hypersociabilit%C3%A9,11,fr
https://fr.wikipedia.org/wiki/Fondation_Wikim%C3%A9dia,336,fr
https://fr.wikisource.org/wiki/Auteur:Pierre-Jules_Hetzel,35,fr
https://fr.wikipedia.org/w/index.php?title=Jean_Giraudoux&action=edit&section=0,69,fr
https://fr.wikinews.org/w/index.php?title=Wikinews:Intervention_sur_une_page_archivée&action=edit&section=new&editintro=Wikinews:Intervention_sur_une_page_archivée/en-tête,15,fr
https://fr.wikipedia.org/w/index.php?title=Sp%C3%A9cial:Connexion&returnto=Mod%C3%A8le:Palette_Wikimedia_Foundation&returntoquery=action%3Dedit,7,fr
https://fr.wikipedia.org/wiki/Wiktionnaire,163,fr
https://fr.wikipedia.org/w/index.php?title=Mod%C3%A8le:Palette_Gr%C3%A8ve_%C3%A9tudiante_pour_le_climat/Bac_%C3%A0_sable&action=edit&preload=Mod%C3%A8le%3ADocumentation%2FPreload2,15,fr
https://fr.wikipedia.org/w/index.php?title=Mod%C3%A8le:Palette_Guerre_civile_Y%C3%A9men/Bac_%C3%A0_sable&action=edit&preload=Mod%C3%A8le%3ADocumentation%2FPreload2,15,fr
https://fr.wikinews.org/w/index.php?title=Sp%C3%A9cial:Log&type=block&page=User:Gyrostat,8,fr
https://fr.wikisource.org/wiki/Lettres_de_ma_chaumi%C3%A8re,12,fr
https://fr.wikipedia.org/w/index.php?title=Le_Monde&oldid=167590631,164,fr
https://fr.wikipedia.org/w/index.php?title=Mod%C3%A8le:Palette_Gouvernement_Waldeck-Rousseau&action=edit,17,fr
https://fr.wikipedia.org/w/index.php?title=Mod%C3%A8le:Palette_%C3%89ph%C3%A9m%C3%A9ride&action=info#mw-pageinfo-watchers,11,fr
https://fr.wikipedia.org/w/index.php?title=Guerre_du_Saada&oldid=166447697,63,fr
https://fr.wikipedia.org/w/index.php?title=28_f%C3%A9vrier&action=edit,17,fr
https://fr.wikipedia.org/wiki/Taxonomie,126,fr
https://fr.wikipedia.org/wiki/Wiki,160,fr
https://fr.wikisource.org/wiki/La_Gr%C3%A8ve_des_%C3%A9lecteurs,11,fr
https://fr.wikipedia.org/w/index.php?title=Sp%C3%A9cial:Connexion&returnto=Assassinat_d%27Olof_Palme&returntoquery=action%3Dedit,7,fr
https://fr.wikipedia.org/w/index.php?title=Sp%C3%A9cial:Connexion&returnto=Mod%C3%A8le:Palette_Personnes_li%C3%A9es_au_mouvement_anarchiste&returntoquery=action%3Dedit,7,fr
https://fr.wikipedia.org/w/index.php?title=Agence_France-Presse&oldid=167919042,101,fr
https://fr.wikipedia.org/wiki/Abd_Rabo_Mansour_Hadi,90,fr
https://fr.wikipedia.org/wiki/Mesure_d%27audience_sur_Internet,46,fr
https://fr.wikipedia.org/w/index.php?title=%C3%89mile_Littr%C3%A9&veaction=edit&section=0,68,fr
https://fr.wikipedia.org/w/index.php?title=Crise_am%C3%A9ricano-iranienne_de_2019-2020&action=edit,17,fr
https://fr.wikipedia.org/wiki/Aide:Que_faire_sur_Wikip%C3%A9dia_%3F,37,fr
https://fr.wikisource.org/wiki/Le_Pays_des_fourrures,14,fr
https://fr.wikipedia.org/w/index.php?title=Octave_Mirbeau&action=history,9,fr
https://fr.wikisource.org/wiki/it:Produrre_sapere_in_rete_in_modo_cooperativo_-_il_caso_Wikipedia,23,fr
https://fr.wikipedia.org/wiki/Cat%C3%A9gorie:1986,145,fr
https://fr.wikipedia.org/w/index.php?title=Mod%C3%A8le:Palette_Cha%C3%AEne_d%27information_en_continu&action=edit,17,fr
https://fr.wikipedia.org/w/index.php?title=Mod%C3%A8le:Palette_Liste_des_mod%C3%A8les_si%C3%A8cle&action=edit,17,fr
https://fr.wikinews.org/wiki/Wikinews:Supervision_de_qualit%C3%A9,18,fr
https://fr.wikipedia.org/w/index.php?title=Mod%C3%A8le:Palette_Papes_de_l%27%C3%89glise_catholique&action=edit,17,fr
https://fr.wikipedia.org/w/index.php?title=France_24&action=edit&section=0,18,fr
https://fr.wikisource.org/w/index.php?title=Prélude_(Mirbeau)&oldid=10152319,11,fr
https://fr.wikipedia.org/w/index.php?title=Crise_pr%C3%A9sidentielle_de_2019-2020_au_Venezuela&action=info#mw-pageinfo-watchers,11,fr
https://fr.wikipedia.org/w/index.php?title=Wikinews&action=history,9,fr
https://fr.wikipedia.org/w/index.php?title=Église_catholique&oldid=167441019,181,fr
https://fr.wikinews.org/w/index.php?title=Chine_:_arrestation_d%27un_%C3%A9crivain_tib%C3%A9tain&oldid=400209,19,fr
https://fr.wikivoyage.org/wiki/Accueil?uselang=fr,72,fr
https://fr.wikipedia.org/w/index.php?title=Mod%C3%A8le:Palette_Wikip%C3%A9dia_par_nombre_d%27articles&action=edit,17,fr
https://fr.wikivoyage.org/wiki/Cat%C3%A9gorie:Accueil,95,fr
https://fr.wikipedia.org/w/index.php?title=Sp%C3%A9cial:Connexion/signup&campaign=anoneditwarning&returnto=Mod%C3%A8le:Palette_Lutte_contre_le_terrorisme_islamiste&returntoquery=action%3Dedit,7,fr
https://fr.wikisource.org/wiki/Auteur:Martin_Luther,50,fr
https://fr.wikinews.org/w/index.php?title=Special%3ALog&user=ChristianT,9,fr
https://fr.wikinews.org/w/index.php?title=Modèle:Une_2&oldid=815591,13,fr
https://fr.wikipedia.org/w/index.php?title=Agence_France-Presse&action=edit&section=0,18,fr
https://fr.wikipedia.org/w/index.php?title=Pape&action=edit,17,fr
https://fr.wikipedia.org/wiki/Wikip%C3%A9dia:Accueil_principal,358,fr
https://fr.wikipedia.org/w/index.php?title=Mod%C3%A8le:Palette_Gr%C3%A8ve_%C3%A9tudiante_pour_le_climat&action=info#mw-pageinfo-watchers,11,fr
https://fr.wikipedia.org/w/index.php?title=Mod%C3%A8le:Palette_Chefs_d%27%C3%89tat_et_de_gouvernement_en_Europe&action=edit,17,fr
https://fr.wikipedia.org/w/index.php?title=Sp%C3%A9cial:Connexion&returnto=Mod%C3%A8le:Palette_Ath%C3%A9isme&returntoquery=action%3Dedit,7,fr
https://fr.wikinews.org/w/index.php?title=Special%3ALog&user=AirSThib,14,fr
https://fr.wikipedia.org/w/index.php?title=Guerre_civile_y%C3%A9m%C3%A9nite&action=edit,17,fr
https://fr.wikinews.org/w/index.php?title=Special%3ALog&user=Mattho69,8,fr
https://fr.wikipedia.org/w/index.php?title=Ward_Cunningham&action=edit,23,fr
https://fr.wikipedia.org/w/index.php?title=MediaWiki&action=edit&section=0,24,fr
https://fr.wikipedia.org/w/index.php?title=Mod%C3%A8le:Palette_BBC&action=edit,17,fr
https://fr.wikipedia.org/wiki/fr:Centrale_nucl%C3%A9aire_de_Fukushima_Daiichi,78,fr
https://fr.wikipedia.org/wiki/Jules_Verne,210,fr
https://fr.wikipedia.org/wiki/Wikiversit%C3%A9,122,fr
https://fr.wikisource.org/wiki/Maurice_Maeterlinck_(Mirbeau),10,fr
https://fr.wiktionary.org/w/index.php?title=Cat%C3%A9gorie:francoproven%C3%A7al&from=r#mw-pages,65,fr
https://fr.wikipedia.org/wiki/Wikip%C3%A9dia:Neutralit%C3%A9_de_point_de_vue,149,fr
https://fr.wikisource.org/wiki/Cat%C3%A9gorie:Principale,91,fr
https://fr.wikinews.org/wiki/Spécial:ArbreCatégorie,8,fr
https://fr.wikipedia.org/w/index.php?title=Mod%C3%A8le:Palette_Gr%C3%A8ve_%C3%A9tudiante_pour_le_climat&action=purge,8,fr
https://fr.wikinews.org/w/index.php?title=Catégorie:Wikinews&oldid=649226,33,fr
https://frp.wikipedia.org/wiki/29_fevri%C3%A9r,194,fr
https://fr.wikipedia.org/w/index.php?title=Jimmy_Wales&action=edit&section=0,61,fr
https://frr.wiktionary.org/wiki/,11,fr
https://fr.wikipedia.org/wiki/Wikip%C3%A9dia:Flagged_revisions,47,fr
https://fr.wikipedia.org/wiki/%C5%93uvre_libre,78,fr
https://fr.wikipedia.org/w/index.php?title=Mod%C3%A8le:Palette_Histoire_du_Venezuela&action=history,8,fr
https://fr.wikipedia.org/w/index.php?title=Pierre-Jules_Hetzel&action=edit&section=0,48,fr
https://fr.wikipedia.org/wiki/T%C3%A9rence,93,fr
https://fr.wikipedia.org/wiki/transparence,15,fr
https://fr.wikipedia.org/wiki/1907_en_litt%C3%A9rature,30,fr
https://fr.wikiquote.org/wiki/Octave_Mirbeau,69,fr
https://fr.wikinews.org/w/index.php?title=Y%C3%A9men_:_les_rebelles_s%27emparent_du_palais_pr%C3%A9sidentiel&stableid=568901,22,fr
https://fr.wikibooks.org/wiki/Cat%C3%A9gorie:Principale,127,fr
https://fr.wikipedia.org/w/index.php?title=Discussion_Wikipédia:Conventions_typographiques&oldid=117051961#R.C3.A9sum.C3.A9,154,fr
https://fr.wikipedia.org/w/index.php?title=Assassinat_d%27Olof_Palme&oldid=165203195,43,fr
https://fr.wikinews.org/w/index.php?title=Special%3ALog&user=Zetud,8,fr
https://fr.wikipedia.org/w/index.php?title=Mod%C3%A8le:Palette_Chefs_d%27%C3%89tat_et_de_gouvernement_en_exercice_au_Moyen-Orient&action=edit,17,fr
https://fr.wikipedia.org/w/index.php?title=Mod%C3%A8le:Palette_Personnes_li%C3%A9es_au_mouvement_anarchiste&action=history,9,fr
https://fr.wikipedia.org/wiki/Creative_commons,130,fr
https://fr.wikisource.org/wiki/Spécial:IndexPages?key=+intitle%3AClemenceau,64,fr
https://fr.wikinews.org/wiki/Modèle:Une_3,11,fr
https://fr.wikinews.org/wiki/Modèle:Une_2,11,fr
https://fr.wikinews.org/w/index.php?title=Special%3ALog&user=Benoît_Prieur,8,fr
https://fr.wikipedia.org/w/index.php?title=Mod%C3%A8le:Palette_Cha%C3%AEnes_r%C3%A9gionales_de_la_TNT_en_France&action=edit,17,fr
https://fr.wikinews.org/w/index.php?title=Spécial%3AJournal&type=&user=&page=Utilisateur%3ASniff&year=&month=-1&hide_patrol_log=1&hide_review_log=1,8,fr
https://francais.rt.com/opinions/27138-orwell-censure-medias-sociaux,21,fr
https://fr.wikisource.org/w/index.php?title=Bordereau_de_l’affaire_Dreyfus&oldid=4915700,12,fr
https://fr.wikinews.org/w/index.php?title=Dossier:Dossier_type/FM1&action=edit&redlink=1&preload=Modèle:Dossier/Fait_marquant&editintro=Modèle:Intro_fait_marquant,13,fr
https://fr.wikisource.org/wiki/Essai_sur_l%E2%80%99am%C3%A9lioration_des_races_chevalines_de_la_France,11,fr
https://fr.wikipedia.org/wiki/International_Music_Score_Library_Project,49,fr
https://fr.wikipedia.org/w/index.php?title=Mod%C3%A8le:Palette_Conventions&action=edit,17,fr
https://fr.wikipedia.org/w/index.php?title=Assassinat_d%27Abraham_Lincoln&oldid=40675306,52,fr
https://frp.wikipedia.org/wiki/%C3%89gll%C3%A9se_catolica_rom%C3%A8na,169,fr
https://fr.wikipedia.org/wiki/1986,223,fr
https://frr.wikiquote.org/wiki/,11,fr
https://fr.wikipedia.org/wiki/Cat%C3%A9gorie:Accueil,232,fr
https://fr.wikinews.org/w/index.php?title=Accueil&oldid=814996,98,fr
https://fr.wikiversity.org/wiki/Recherche:Culture_fr.wikipedia,928,fr
https://fr.wikipedia.org/wiki/Le_Jardin_des_supplices,47,fr
https://fr.wikipedia.org/wiki/1913_en_litt%C3%A9rature,31,fr
https://fr.wikinews.org/wiki/Modèle:Une_1,21,fr
https://fr.wikipedia.org/w/index.php?title=Mod%C3%A8le:Palette_Normes_ISO&action=edit,17,fr
https://fr.wikipedia.org/wiki/fr:Presses_universitaires_de_Grenoble,15,fr
https://fr.wiktionary.org/wiki/,216,fr
https://fr.wikipedia.org/w/index.php?title=Assassinat_d%27Olof_Palme&action=history,9,fr
https://fr.wikipedia.org/wiki/Biblioth%C3%A8que_num%C3%A9rique_europ%C3%A9enne,74,fr
https://fr.wikipedia.org/w/index.php?title=Jules_Verne&veaction=edit&section=0,210,fr
https://fr.wikipedia.org/w/index.php?title=Hirak_(Alg%C3%A9rie)&action=edit,17,fr
https://fr.wikinews.org/wiki/en:Wikinews_switches_to_Creative_Commons_license,18,fr
https://fr.wikipedia.org/w/index.php?title=Mod%C3%A8le:Palette_France_M%C3%A9dias_Monde&action=edit,17,fr
https://fr.wikipedia.org/w/index.php?title=Mod%C3%A8le:Palette_Lutte_contre_le_terrorisme_islamiste&action=purge,8,fr
https://fr.wikipedia.org/w/index.php?title=Pape&oldid=167753343,187,fr
https://fr.wikipedia.org/wiki/1890_en_litt%C3%A9rature,28,fr
https://fr.wiktionary.org/wiki/redoublement,20,fr
https://fr.wikipedia.org/wiki/Wikip%C3%A9dia:Conventions_typographiques,163,fr
https://fr.wikipedia.org/w/index.php?title=Mod%C3%A8le:Palette_Ath%C3%A9isme&action=edit,17,fr
https://fr.wiktionary.org/wiki/acronyme,53,fr
https://fr.wikisource.org/wiki/Auteur:%C3%89mile_Littr%C3%A9,30,fr
https://fr.wikipedia.org/w/index.php?title=Mod%C3%A8le:Palette_Gr%C3%A8ve_%C3%A9tudiante_pour_le_climat/Documentation&action=edit&preload=Mod%C3%A8le%3ADocumentation%2FPreload,15,fr
https://fr.wikipedia.org/w/index.php?title=Sp%C3%A9cial:Connexion/signup&campaign=anoneditwarning&returnto=Wikinews&returntoquery=action%3Dedit,7,fr
https://fr.wikipedia.org/w/index.php?title=Radhanites&oldid=40369120,32,fr
https://francais.rt.com/international/4931-yemen-crime-guerre-hrw-bombardement,13,fr
https://fr.wikipedia.org/w/index.php?title=Barre_verticale&oldid=167899175,41,fr
https://fr.wikipedia.org/wiki/copyright,123,fr
https://fr.wikipedia.org/w/index.php?title=Reuters&action=edit&section=0,23,fr
https://fr.wikipedia.org/w/index.php?title=Wikinews&action=edit&section=0,17,fr
https://fr.wiktionary.org/w/index.php?title=vendredire&oldid=26780696,12,fr
https://fr.wikipedia.org/w/index.php?title=Mod%C3%A8le:Palette_Cha%C3%AEnes_nationales_de_la_TNT_en_France&action=edit,17,fr
https://fr.wikiquote.org/wiki/Wikip%C3%A9dia,166,fr
https://fr.wiktionary.org/w/index.php?title=hypersociabilité&oldid=27401634,11,fr
https://fr.wikipedia.org/w/index.php?title=Projet:Mod%C3%A8le&action=edit,17,fr
https://fr.wikipedia.org/w/index.php?title=Mod%C3%A8le:Palette_Gouvernement_Caillaux&action=edit,17,fr
https://fr.wikisource.org/wiki/Clemenceau,30,fr
https://fr.wikinews.org/w/index.php?title=Mod%C3%A8le:Une_1&stableid=815592,21,fr
https://fr.wikinews.org/wiki/Cat%C3%A9gorie:Jimmy_Wales,30,fr
https://fr.wikibooks.org/w/index.php?title=Accueil&oldid=586825,130,fr
https://fr.wikipedia.org/wiki/Carthage,44,fr
https://fr.wikipedia.org/wiki/Agence_France-Presse,101,fr
https://frp.wikipedia.org/wiki/Pape,165,fr
https://fr.wikipedia.org/w/index.php?title=Le_Pays_des_fourrures&oldid=167412260,40,fr
https://fr.wikinews.org/wiki/en:Wikinews:Video_2.0,11,fr
https://fr.wikipedia.org/wiki/Wikinews,146,fr
https://fr.wiktionary.org/wiki/Wikip%C3%A9dia,157,fr
https://fr.wikiquote.org/wiki/Accueil,132,fr
https://fr.wikinews.org/wiki/Lib%C3%A9ration_sous_caution_de_Julian_Assange,18,fr
https://francais.rt.com/international/28929-treize-civils-tues-yemen-nouvelle-bavure-coalition-arabie-saoudite,15,fr
https://fr.wikinews.org/w/index.php?title=Mod%C3%A8le:Une_2&action=edit,8,fr
https://fr.wikinews.org/w/index.php?title=Sp%C3%A9cial:Log&type=protect&page=Mod%C3%A8le:Une_1,8,fr
https://fr.wikipedia.org/w/index.php?title=Gustave_Malcuit&oldid=163619862,23,fr
https://fr.wikipedia.org/w/index.php?title=Sp%C3%A9cial:Connexion/signup&campaign=anoneditwarning&returnto=Gustave_Malcuit&returntoquery=action%3Dedit,7,fr
https://fr.wikiquote.org/wiki/Georges_Clemenceau,55,fr
https://fr.wikinews.org/w/index.php?title=Sp%C3%A9cial:Log&type=protect&page=Mod%C3%A8le:Une_3,8,fr
https://fr.wikinews.org/w/index.php?title=Sp%C3%A9cial:Log&type=protect&page=Mod%C3%A8le:Une_2,8,fr
https://fr.wikipedia.org/w/index.php?title=Sp%C3%A9cial:Connexion/signup&campaign=anoneditwarning&returnto=Mod%C3%A8le:Palette_Ath%C3%A9isme&returntoquery=action%3Dedit,7,fr
https://fr.wikipedia.org/w/index.php?title=Mod%C3%A8le:Palette_Martin_Luther&action=edit,17,fr
https://fr.wikipedia.org/wiki/redoublement,13,fr
https://fr.wikipedia.org/w/index.php?title=Jimmy_Wales&oldid=167845697,230,fr
https://fr.wikipedia.org/w/index.php?title=Wikimedia_Foundation&action=edit&section=0,93,fr
https://fr.wikisource.org/w/index.php?title=Vieux_ménage&oldid=7281912,11,fr
