https://en.wikiversity.org/wiki/Wikiversity:Copyrights,59,en
https://en.wikipedia.org/wiki/Wikisource,194,en
https://en.wikipedia.org/wiki/Active_listening,47,en
https://en.wikipedia.org/wiki/Ybor_City,39,en
https://en.wikinews.org/wiki/United_States,90,en
https://en.wiktionary.org/w/index.php?title=Wiktionary:Feedback&oldid=58754355,28,en
https://en.wikipedia.org/wiki/Weminuche_Wilderness,21,en
https://en.wikipedia.org/w/index.php?title=Special:UserLogin&returnto=Wikimedia_movement,9,en
https://en.wikipedia.org/wiki/Asimov%27s_Science_Fiction,35,en
https://en.wikibooks.org/wiki/Wikibooks:Community_Portal,63,en
https://en.wikipedia.org/wiki/Massachusetts,378,en
https://en.wikiquote.org/wiki/quotations,64,en
https://en.wikivoyage.org/wiki/Wikivoyage:Help,36,en
https://en.wikipedia.org/wiki/Chester_(song),12,en
https://en.wiktionary.org/wiki/riche#Old_French,65,en
https://en.wikibooks.org/wiki/Main_Page,148,en
https://en.wikinews.org/w/index.php?title=Special:Log&type=review&page=Main_Page,9,en
https://en.wikipedia.org/w/index.php?title=Free_content&stableid=941439269,93,en
https://en.wikisource.org/wiki/Special:Search/United_States,12,en
https://en.wikipedia.org/wiki/plagiarism,153,en
https://en.wikipedia.org/wiki/Kardashev_scale,80,en
https://en.wikipedia.org/wiki/,141,en
https://en.wikipedia.org/w/index.php?title=Compendium&action=edit,13,en
https://en.oxforddictionaries.com/definition/copyright,5,en
https://en.wikipedia.org/wiki/Wikipedia:Boilerplate_request_for_permission,95,en
https://en.wiktionary.org/wiki/tot#Old_French,138,en
https://en.wikisource.org/wiki/Special:Search/A_Latin_Dictionary,13,en
https://en.wikisource.org/wiki/Marston,11,en
https://en.wiktionary.org/wiki/suer,41,en
https://en.wikipedia.org/wiki/The_Economist,190,en
https://en.wikinews.org/w/index.php?title=Template_talk:Main_around&action=edit&section=new,12,en
https://en.oxforddictionaries.com/explore/how-many-words-are-there-in-the-english-language,8,en
https://en.wikipedia.org/w/index.php?title=Wikipedia:LINKVIO&oldid=778186644,9,en
https://en.wikipedia.org/wiki/Public_domain,187,en
https://en.wikipedia.org/wiki/Template:History_of_English,19,en
https://en.wikipedia.org/w/index.php?title=Special:CreateAccount&campaign=anoneditwarning&returnto=Template:Germanic_languages,8,en
https://en.wikipedia.org/wiki/Disneyland,178,en
https://en.wikipedia.org/wiki/U.S._Border_Patrol,140,en
https://en.wikipedia.org/wiki/Soul_on_Ice,11,en
https://en.wikipedia.org/wiki/Wikipedia:Wikipedia_Signpost/Newsroom/Suggestions,49,en
https://en.wikipedia.org/wiki/Gulf_of_Mexico,163,en
https://en.wikipedia.org/wiki/Will_Cuppy,36,en
https://en.wikinews.org/w/index.php?title=Special:Log&type=move&page=Template:Main_original,9,en
https://en.wikipedia.org/wiki/EPCOT,89,en
https://en.wikiquote.org/wiki/Special:Search/Florida,59,en
https://en.wiktionary.org/w/index.php?title=Special%3ARecentChangesLinked&target=Category%3AEnglish+language&showlinkedto=0,9,en
https://en.wikipedia.org/wiki/William_Cushing,46,en
https://en.wikinews.org/wiki/Template:Main_original,11,en
https://en.wikipedia.org/w/index.php?title=Florida&action=edit&section=,12,en
https://en.wiktionary.org/w/index.php?title=Wiktionary:Feedback&action=edit&section=new&preload=Wiktionary:Feedback%2Fpreload&editintro=Wiktionary:Feedback%2Fintro&preloadtitle=Foreign%20word%20of%20the%20day%3A%20%5B%5B%E1%BC%80%CF%81%CE%B3%CF%8C%CF%82%5D%5D,18,en
https://en.wikipedia.org/wiki/Arthur_C._Brooks,50,en
https://en.wikisource.org/wiki/A_Latin_Dictionary,13,en
https://en.wikipedia.org/w/index.php?title=Wikipedia:COPY&oldid=846636153,9,en
https://en.wiktionary.org/w/index.php?title=Wiktionary%3AFB&redirect=no,9,en
https://en.wikipedia.org/w/index.php?title=Special:Log&type=protect&page=Template%3ALargest+cities,8,en
https://en.wikipedia.org/w/index.php?title=Special:Log&type=protect&page=Template%3ATime+topics,8,en
https://en.wikiversity.org/wiki/Category:English_language,46,en
https://en.wikiversity.org/wiki/Special:Search/Florida,21,en
https://en.wikipedia.org/wiki/Jacksonville_Florida,246,en
https://en.wikipedia.org/wiki/U.S._state,230,en
https://en.wikinews.org/w/index.php?title=Special:NewsFeed&feed=atom&categories=Published%7CWikimedia_Foundation&notcategories=No%20publish%7Cdisputed&namespace=0&count=15&ordermethod=categoryadd&stablepages=only,0,en
https://en.wikipedia.org/wiki/William_Billings,41,en
https://en.wikipedia.org/w/index.php?title=Wikimedia_Foundation&action=edit,14,en
https://en.wikipedia.org/wiki/Petey_Pablo,43,en
https://en.wikipedia.org/wiki/June_20,207,en
https://en.wikipedia.org/w/index.php?title=Template_talk%3AProtected_areas_of_Florida&preload=Template%3ASubmit+an+edit+request%2Fpreload&action=edit&section=new&editintro=Template%3AEdit+semi-protected%2Feditintro&preloadtitle=Semi-protected+edit+request+on+27+February+2020&preloadparams%5B%5D=edit+semi-protected&preloadparams%5B%5D=Template%3AProtected+areas+of+Florida,13,en
https://en.wikipedia.org/w/index.php?title=Coordinated_Universal_Time&oldid=935038630,183,en
https://en.wikisource.org/w/index.php?title=Template:New_texts/2020/04&action=edit&preload=Template:New_texts/archivepreload&redlink=1,10,en
https://en.wikinews.org/wiki/Wikimedia_Conference_Netherlands_2007_held_on_wikis_and_education,37,en
https://en.wikipedia.org/wiki/Wikipedia:Mirrors_and_forks,40,en
https://en.wikipedia.org/w/index.php?title=John_Day_(dramatist)&oldid=921473985,25,en
https://en.wikipedia.org/w/index.php?title=Wikimedia_movement&oldid=940272899,75,en
https://en.wikipedia.org/wiki/Ancestral_lands,22,en
https://en.wikipedia.org/w/index.php?title=Template:English_official_language_clickable_map/sandbox&action=edit,12,en
https://en.wikinews.org/w/index.php?title=Wikinews:Copyright&oldid=2834705,51,en
https://en.wiktionary.org/wiki/en:Main_Page,360,en
https://en.wikipedia.org/wiki/Sermon_on_the_Mount,111,en
https://en.wikipedia.org/w/index.php?title=Wikipedia:COPYRIGHT&redirect=no,9,en
https://en.wikipedia.org/w/index.php?title=Special:UserLogin&returnto=Template:Confederate_States_political_divisions,9,en
https://en.wikinews.org/w/index.php?title=Category:United_States&oldid=4507589,92,en
https://en.wikiversity.org/wiki/United_States,21,en
https://en.wikinews.org/w/index.php?title=Special:Log&type=move&page=Template:Main_around,9,en
https://en.wikinews.org/w/index.php?title=Template:Lead_article_4&oldid=4548561,13,en
https://en.wikipedia.org/w/index.php?title=Template:Ancient_Rome_topics&action=edit,12,en
https://en.wikibooks.org/wiki/Wikibooks:Copyrights,50,en
https://en.wikipedia.org/wiki/Template:Description_of_English,17,en
https://en.wikipedia.org/wiki/African_American,468,en
https://en.wikipedia.org/wiki/Template:Confederate_States_political_divisions,17,en
https://en.wikipedia.org/wiki/Robert_Sheckley,83,en
https://en.wikipedia.org/w/index.php?title=Template:Open_navbox&action=edit,12,en
https://en.wikipedia.org/wiki/George_H._Scithers,30,en
https://en.wikinews.org/w/index.php?title=Template_talk:Main_interviews&action=edit&section=new,12,en
https://en.wikiquote.org/wiki/Main_Page,181,en
https://en.wikisource.org/wiki/Category:Middle_English_works,10,en
https://en.wikisource.org/wiki/George_W._Bush%27s_First_State_of_the_Union_Address,14,en
https://en.wiktionary.org/wiki/Wiktionary:Community_Portal,128,en
https://en.wikibooks.org/wiki/English-Hanzi,60,en
https://en.wikipedia.org/wiki/free_software,158,en
https://en.wikinews.org/w/index.php?title=Template_talk:Lead_article_4&action=history,9,en
https://en.wikipedia.org/wiki/Template:English_language,12,en
https://en.wiktionary.org/wiki/titulus,22,en
https://en.wikipedia.org/w/index.php?title=Coordinated_Universal_Time&action=purge,9,en
https://en.wikipedia.org/w/index.php?title=Template:Florida_cities_and_mayors_of_100000_population&action=edit,14,en
https://en.wikipedia.org/w/index.php?title=Template:Largest_United_States_universities_by_enrollment&action=edit,14,en
https://en.wikipedia.org/w/index.php?title=Special:CreateAccount&campaign=anoneditwarning&returnto=Template:English_dialects_by_continent,8,en
https://en.wiktionary.org/wiki/Help:Contents,59,en
https://en.wikipedia.org/w/index.php?title=Template:Copyright_law_by_country&action=edit,14,en
https://en.wikipedia.org/w/index.php?title=United_States&action=edit,12,en
https://en.wiktionary.org/wiki/bon#French,126,en
https://en.wikipedia.org/wiki/Ash_Carter,93,en
https://en.wikipedia.org/wiki/Darrell_Schweitzer,32,en
https://en.wikisource.org/wiki/1911_Encyclop%C3%A6dia_Britannica/Du_Cange_Charles_du_Fresne,12,en
https://en.wikipedia.org/w/index.php?title=Special:Log&type=protect&page=Template%3AFlorida,8,en
https://en.wikipedia.org/w/index.php?title=Special:CreateAccount&campaign=anoneditwarning&returnto=Template:Southern_United_States,8,en
https://en.wikipedia.org/wiki/Wikipedia:Help,204,en
https://en.wikipedia.org/wiki/GNU_Free_Documentation_License,134,en
https://en.wikinews.org/w/index.php?title=Template:Main_about&action=edit,12,en
https://en.wikiversity.org/wiki/Portal:English_Language,46,en
https://en.wikipedia.org/w/index.php?title=Implosive_consonant&oldid=940890657,40,en
https://en.wikipedia.org/w/index.php?title=Special:Log&type=review&page=Free_content,8,en
https://en.wiktionary.org/w/index.php?title=Wiktionary:Word_of_the_day/2020/February_27&oldid=58741616,12,en
https://en.wikiquote.org/,181,en
https://en.wikipedia.org/w/index.php?title=Classical_Latin&oldid=939732352,45,en
https://en.wikiquote.org/w/index.php?title=Template:New_pages&oldid=2745194,14,en
https://en.wikibooks.org/wiki/Rhetoric_and_Composition,46,en
https://en.wiktionary.org/wiki/UTC,42,en
https://en.wikipedia.org/wiki/Wikipedia:Copyright_FAQ,44,en
https://en.wikipedia.org/w/index.php?title=H:MS&redirect=no,9,en
https://en.wikinews.org/w/index.php?title=Template:Main_original&oldid=1280601,13,en
https://en.wikinews.org/wiki/Template_talk:Main_headlines,9,en
https://en.wikipedia.org/wiki/A_Latin_Dictionary,34,en
https://en.wikipedia.org/w/index.php?title=Template_talk%3ATime_topics&preload=Template%3ASubmit+an+edit+request%2Fpreload&action=edit&section=new&editintro=Template%3AEdit+semi-protected%2Feditintro&preloadtitle=Semi-protected+edit+request+on+27+February+2020&preloadparams%5B%5D=edit+semi-protected&preloadparams%5B%5D=Template%3ATime+topics,13,en
https://en.wiktionary.org/wiki/bergiere,8,en
https://en.wiktionary.org/wiki/Special:Search/compendium,60,en
https://en.wikisource.org/wiki/,115,en
https://en.wikipedia.org/wiki/Warner_Bros._Television,43,en
https://en.wikipedia.org/wiki/Special:Log,8,en
https://en.wiktionary.org/wiki/caballo,71,en
https://en.wikipedia.org/wiki/Creative_Commons_licenses,217,en
https://en.wikipedia.org/w/index.php?title=Medieval_Latin&action=edit,13,en
https://en.wikipedia.org/w/index.php?title=Template_talk%3ATime_measurement_and_standards&preload=Template%3ASubmit+an+edit+request%2Fpreload&action=edit&section=new&editintro=Template%3AEdit+semi-protected%2Feditintro&preloadtitle=Semi-protected+edit+request+on+27+February+2020&preloadparams%5B%5D=edit+semi-protected&preloadparams%5B%5D=Template%3ATime+measurement+and+standards,13,en
https://en.wikisource.org/,115,en
https://en.wikipedia.org/wiki/Warren_Michigan,91,en
https://en.wikipedia.org/w/index.php?title=Florida&oldid=942787389,458,en
https://en.wikinews.org/w/index.php?title=Template:Lead_article_5&oldid=4548091,13,en
https://en.wikipedia.org/w/index.php?title=Talk%3AUnited_States&preload=Template%3ASubmit+an+edit+request%2Fpreload&action=edit&section=new&editintro=Template%3AEdit+semi-protected%2Feditintro&preloadtitle=Semi-protected+edit+request+on+27+February+2020&preloadparams%5B%5D=edit+semi-protected&preloadparams%5B%5D=United+States,13,en
https://en.wikipedia.org/w/index.php?title=Template:Dictionaries_of_English&action=edit,17,en
https://en.wikiquote.org/wiki/Special:Search,8,en
https://en.wikiversity.org/w/index.php?title=Template:Proposed_policies&action=edit,27,en
https://en.wikipedia.org/wiki/Canadian_English,141,en
https://en.wikipedia.org/w/index.php?title=Template:Florida&action=edit,12,en
https://en.wikipedia.org/wiki/Template:Florida,38,en
https://en.wikipedia.org/wiki/Wikipedia:Community_Portal,249,en
https://en.wikipedia.org/w/index.php?editintro=Wikipedia:Wikipedia_Signpost/Templates/Comment-editnotice&title=Wikipedia_talk:Wikipedia_Signpost/2016-02-10/In_focus&action=edit&preload=Wikipedia:Signpost/Template:Signpost-article-comments-end/preload,11,en
https://en.wikipedia.org/w/index.php?title=Special:UserLogin&returnto=Template:Intellectual_property_activism,9,en
https://en.wikipedia.org/wiki/Wikipedia:Avoid_self-references,32,en
https://en.wiktionary.org/wiki/Category:English_language,166,en
https://en.wikibooks.org/wiki/Special:Search/Wikimedia,50,en
https://en.wiktionary.org/w/index.php?title=Wiktionary:Copyrights&oldid=58307602,53,en
https://en.wikipedia.org/w/index.php?title=Template_talk%3AFlorida&preload=Template%3ASubmit+an+edit+request%2Fpreload&action=edit&section=new&editintro=Template%3AEdit+semi-protected%2Feditintro&preloadtitle=Semi-protected+edit+request+on+27+February+2020&preloadparams%5B%5D=edit+semi-protected&preloadparams%5B%5D=Template%3AFlorida,13,en
https://en.wikiquote.org/wiki/United_States#English,699,en
https://en.wiktionary.org/wiki/berger,43,en
https://en.wikipedia.org/wiki/Pinyin#Words_capitalization_initialisms_and_punctuation,164,en
https://en.wiktionary.org/wiki/qua%C3%AFer#Old_French,8,en
https://en.wikiquote.org/w/index.php?title=Copyright&oldid=2671842,27,en
https://en.wikibooks.org/wiki/Subject:English_language,37,en
https://en.wikipedia.org/w/index.php?title=Wikipedia:Wikipedia_Signpost/2005-05-30/Foundation_official_positions&oldid=670519519,13,en
https://en.wiktionary.org/w/index.php?title=Wiktionary:H&oldid=8266475,9,en
https://en.wikipedia.org/wiki/Wikipedia:Wikipedia_Signpost/2016-02-10/In_focus,18,en
https://en.wikipedia.org/wiki/Florida_Holocaust_Museum,29,en
https://en.wikipedia.org/wiki/Uniform_Resource_Locator,124,en
https://en.wikipedia.org/w/index.php?title=Wikipedia:LINKVIO&redirect=no,9,en
https://en.wikinews.org/w/index.php?title=Category:Wikimedia_Foundation&action=purge,9,en
https://en.wikiversity.org/wiki/Help:Contents,66,en
https://en.wikipedia.org/wiki/public_domain,187,en
https://en.wikipedia.org/w/index.php?title=Template:Romance_languages&action=edit,17,en
https://en.wikisource.org/wiki/Calvin_Coolidge%27s_First_State_of_the_Union_Address,13,en
https://en.wikibooks.org/wiki/Special:Search,17,en
https://en.wiktionary.org/w/index.php?title=Module%3Acategory_tree%2Flangcatboiler&action=edit,9,en
https://en.wiktionary.org/wiki/implosive,15,en
https://en.wikinews.org/w/index.php?title=Template_talk:Main_about&action=edit&section=new,12,en
https://en.wikisource.org/w/index.php?title=Template:New_texts/2020/08&action=edit&preload=Template:New_texts/archivepreload&redlink=1,10,en
https://en.wikivoyage.org/wiki/United_States_of_America,76,en
https://en.wikipedia.org/wiki/Slovak_phonology,19,en
https://en.wikinews.org/w/index.php?title=Category:Florida&from=0,66,en
https://en.wikisource.org/w/index.php?title=Portal:Copyright_law&oldid=6787136,59,en
https://en.wikinews.org/wiki/Template:Main_interviews,11,en
https://en.wikiversity.org/wiki/Special:Search/United_States,21,en
https://en.wikinews.org/w/index.php?title=Category:Florida&oldid=4414618,68,en
https://en.wikibooks.org/wiki/Special:Search/Florida,19,en
https://en.wikibooks.org/w/index.php?title=Wikimedia&oldid=3650444,53,en
https://en.wikipedia.org/w/index.php?title=Template:IPA_navigation&action=edit,12,en
https://en.wikinews.org/w/index.php?title=Category:Florida&from=A,66,en
https://en.wikipedia.org/wiki/Larry_Ferguson,14,en
https://en.wikinews.org/w/index.php?title=Category:Florida&from=C,66,en
https://en.wiktionary.org/wiki/bonus#Latin,139,en
https://en.wiktionary.org/wiki/estre,32,en
https://en.wikinews.org/w/index.php?title=Category:Florida&from=B,66,en
https://en.wikinews.org/w/index.php?title=Category:Florida&from=E,66,en
https://en.wikinews.org/w/index.php?title=Category:Florida&from=D,66,en
https://en.wikipedia.org/wiki/Michael_Breen,11,en
https://en.wikinews.org/w/index.php?title=Category:Florida&from=G,66,en
https://en.wikinews.org/w/index.php?title=Special:Log&type=move&page=Template:Main_write,9,en
https://en.wikinews.org/w/index.php?title=Category:Florida&from=F,66,en
https://en.wikinews.org/w/index.php?title=Category:Florida&from=I,66,en
https://en.wikinews.org/w/index.php?title=Category:Florida&from=H,66,en
https://en.wikipedia.org/wiki/Open-source_license,27,en
https://en.wikinews.org/w/index.php?title=Category:Florida&from=K,66,en
https://en.wikinews.org/w/index.php?title=Template_talk:Lead_article_2&action=history,9,en
https://en.wikinews.org/w/index.php?title=Category:Florida&from=J,66,en
https://en.wikipedia.org/w/index.php?title=Template:Indiana_Colleges_and_Universities&action=edit,14,en
https://en.wikinews.org/w/index.php?title=Category:Florida&from=M,66,en
https://en.wikinews.org/w/index.php?title=Category:Florida&from=L,66,en
https://en.wikipedia.org/wiki/American_English,123,en
https://en.wikinews.org/w/index.php?title=Category:Florida&from=O,66,en
https://en.wikinews.org/w/index.php?title=Category:Florida&from=N,66,en
https://en.wikinews.org/w/index.php?title=Category:Florida&from=Q,66,en
https://en.wikinews.org/w/index.php?title=Category:Florida&from=P,66,en
https://en.wikipedia.org/wiki/Newsweek,176,en
https://en.wikinews.org/w/index.php?title=Category:Florida&from=S,66,en
https://en.wikipedia.org/wiki/fr:Tr%C3%A9sor_de_la_langue_fran%C3%A7aise_informatis%C3%A9,27,en
https://en.wikinews.org/w/index.php?title=Category:Florida&from=R,66,en
https://en.wikinews.org/w/index.php?title=Category:Florida&from=U,66,en
https://en.wikipedia.org/wiki/Golden_Rule,90,en
https://en.wikinews.org/w/index.php?title=Category:Florida&from=T,66,en
https://en.wikinews.org/w/index.php?title=Category:Florida&from=W,66,en
https://en.wikinews.org/w/index.php?title=Category:Florida&from=V,66,en
https://en.wikipedia.org/wiki/Template:Time_topics,42,en
https://en.wikinews.org/w/index.php?title=Category:Florida&from=Y,66,en
https://en.wikinews.org/w/index.php?title=Category:Florida&from=X,66,en
https://en.wikipedia.org/wiki/Salvador_Dal%C3%AD_Museum,40,en
https://en.wiktionary.org/wiki/meillor#Old_French,12,en
https://en.wikinews.org/w/index.php?title=Category:Florida&from=Z,66,en
https://en.wiktionary.org/wiki/Dieu#Old_French,40,en
https://en.wikisource.org/w/index.php?title=Template:New_texts/2020/12&action=edit&preload=Template:New_texts/archivepreload&redlink=1,10,en
https://en.wikipedia.org/w/index.php?title=Copyright&action=edit,18,en
https://en.wikipedia.org/w/index.php?title=Help:Multilingual_support&oldid=939394938,258,en
https://en.wikipedia.org/wiki/Online_Copyright_Infringement_Liability_Limitation_Act,38,en
https://en.wiktionary.org/wiki/fruit#Old_French,399,en
https://en.wiktionary.org/wiki/re%C3%AFne#Old_French,12,en
https://en.wikipedia.org/wiki/Wikipedia:Copyright_issues,579,en
https://en.wikipedia.org/wiki/talk_page,363,en
https://en.wikisource.org/w/index.php?title=Help:Contents&oldid=9932003,73,en
https://en.wikipedia.org/w/index.php?title=Special:UserLogin&returnto=Template:UTC_time_offsets,9,en
https://en.wikibooks.org/wiki/English_as_an_Additional_Language,22,en
https://en.wikisource.org/w/index.php?title=Template:New_texts/2020/01&action=edit&preload=Template:New_texts/archivepreload&redlink=1,21,en
https://en.wikipedia.org/wiki/Hanzi,188,en
https://en.wikinews.org/wiki/Category:Florida,66,en
https://en.wikipedia.org/wiki/Wikipedia:Image_copyright_tags,73,en
https://en.wikipedia.org/wiki/Barbara_Strang,25,en
https://en.wikipedia.org/w/index.php?title=Special:Log&type=protect&page=Florida,8,en
https://en.wikipedia.org/w/index.php?title=Ejective_consonant&action=edit,14,en
https://en.wikipedia.org/wiki/New_York_dialect#Linguistic_features,227,en
https://en.wikinews.org/,134,en
https://en.wiktionary.org/wiki/o%C3%AFr#Old_French,9,en
https://en.wikipedia.org/w/index.php?title=Special:CreateAccount&campaign=anoneditwarning&returnto=Copyright,8,en
https://en.wiktionary.org/wiki/pr%C3%AAtre,50,en
https://en.wikipedia.org/w/index.php?title=Template:English_dialects_by_continent/sandbox&action=edit,12,en
https://en.wikiversity.org/w/index.php?title=Wikimedia&oldid=1674738,57,en
https://en.wiktionary.org/wiki/strand,181,en
https://en.wikipedia.org/w/index.php?title=Template:Hypermedia&action=edit,12,en
https://en.wikisource.org/wiki/Portal:Wikimedia_Foundation,10,en
https://en.wikinews.org/wiki/Wikinews:Workspace,90,en
https://en.wikipedia.org/wiki/Template:Periods_in_US_history,15,en
https://en.wikipedia.org/wiki/Paleozoic,112,en
https://en.wiktionary.org/wiki/juignet#Old_French,12,en
https://en.wikinews.org/w/index.php?title=Template:Hh&action=edit,12,en
https://en.wikivoyage.org/,89,en
https://en.wikipedia.org/wiki/Fair_use,145,en
https://en.wikinews.org/wiki/Help:Contents,40,en
https://en.wikipedia.org/w/index.php?title=Template:United_States_topics&action=edit,12,en
https://en.wikinews.org/w/index.php?title=Special:Log&type=move&page=Template:Main_headlines,9,en
https://en.wiktionary.org/wiki/Wiktionary:Copyrights,53,en
https://en.wikisource.org/wiki/Portal:United_States,20,en
https://en.wikipedia.org/wiki/Latin,306,en
https://en.wikipedia.org/wiki/Xanth,26,en
https://en.wikisource.org/wiki/Author:John_Day,26,en
https://en.wikipedia.org/w/index.php?title=Template:Dictionaries_of_English/sandbox&action=edit,12,en
https://en.wiktionary.org/wiki/corre#Old_French,36,en
https://en.wikisource.org/wiki/Portal:English_language,18,en
https://en.wikipedia.org/w/index.php?title=Template:English_official_language_clickable_map&action=edit,17,en
https://en.wikinews.org/w/index.php?title=Template_talk:Lead_article_2&action=edit&section=new,12,en
https://en.wikiversity.org/w/index.php?title=Wikiversity:Copyrights&oldid=1896745,59,en
https://en.wikipedia.org/w/index.php?title=Special:UserLogin&returnto=Template:Copyright_law_by_country,9,en
https://en.wikipedia.org/w/index.php?title=Special:UserLogin&returnto=Template:Southern_United_States,9,en
https://en.wikipedia.org/wiki/Spanish_copyright_law,33,en
https://en.wikipedia.org/w/index.php?title=Charles_du_Fresne_sieur_du_Cange&action=edit,13,en
https://en.wikinews.org/w/index.php?title=Template_talk:Main_headlines&action=edit&section=new,12,en
https://en.wikisource.org/wiki/Special:NewPages,8,en
https://en.wikipedia.org/wiki/Template:New_Spain,11,en
https://en.wikisource.org/wiki/Portal:Copyright_law,59,en
https://en.wikipedia.org/w/index.php?title=Wikipedia:COPYOTHERS&oldid=778232729,9,en
https://en.wikipedia.org/wiki/Tallahassee_Florida,274,en
https://en.wikipedia.org/w/index.php?title=Special:CreateAccount&campaign=anoneditwarning&returnto=Template:English_language,8,en
https://en.wikipedia.org/wiki/Wikipedia:Contributing_FAQ,46,en
https://en.wiktionary.org/wiki/berg%C3%A8re,23,en
https://en.wikisource.org/w/index.php?title=Template:New_texts/2020/07&action=edit&preload=Template:New_texts/archivepreload&redlink=1,10,en
https://en.langenscheidt.com/german-english/sauhund,6,en
https://en.wiktionary.org/w/index.php?title=Florida&oldid=58492135,88,en
https://en.wikipedia.org/w/index.php?title=Template_talk%3AWikimedia_Foundation&preload=Template%3ASubmit+an+edit+request%2Fpreload&action=edit&section=new&editintro=Template%3AEdit+semi-protected%2Feditintro&preloadtitle=Semi-protected+edit+request+on+27+February+2020&preloadparams%5B%5D=edit+semi-protected&preloadparams%5B%5D=Template%3AWikimedia+Foundation,13,en
https://en.wikipedia.org/wiki/Wikipedia:Fair_use,103,en
https://en.wiktionary.org/wiki/provoire,13,en
https://en.wikipedia.org/wiki/Copyright_law_of_India,29,en
https://en.wikisource.org/wiki/Template:New_texts,37,en
https://en.wiktionary.org/w/index.php?title=Wiktionary:Main_Page&oldid=58733473,360,en
https://en.wiktionary.org/w/index.php?title=compendium&oldid=58288588,60,en
https://en.wiktionary.org/wiki/cavalo,74,en
https://en.wikipedia.org/w/index.php?title=Special:ComparePages&page1=Template%3AEnglish+official+language+clickable+map&page2=Template%3AEnglish+official+language+clickable+map%2Fsandbox,9,en
https://en.wiktionary.org/wiki/cavall,51,en
https://en.wiktionary.org/wiki/bergier,14,en
https://en.wikipedia.org/wiki/Help:Contents,204,en
https://en.wikipedia.org/w/index.php?title=Indiana_University&action=edit,14,en
https://en.wikinews.org/w/index.php?title=Special:Log&type=protect&page=Template:Main_headlines,9,en
https://en.wikipedia.org/wiki/Tax_deduction,82,en
https://en.wikibooks.org/wiki/Wikimedia_Foundation,50,en
https://en.wikipedia.org/wiki/Internal_Revenue_Service,132,en
https://en.wikipedia.org/w/index.php?title=Template:Periods_in_US_history&action=edit,14,en
https://en.wikipedia.org/wiki/Radley_Balko,26,en
https://en.wikisource.org/wiki/Special:Search/Wikimedia,8,en
https://en.wikipedia.org/wiki/New_York_Review_of_Books,78,en
https://en.wikipedia.org/wiki/National_Guard,18,en
https://en.wikipedia.org/w/index.php?title=Special:UserLogin&returnto=Wikimedia_Foundation,9,en
https://en.wikipedia.org/wiki/Fiji,403,en
https://en.wikipedia.org/wiki/Wikimedia_Foundation,561,en
https://en.wikipedia.org/wiki/Michael_Breen_(author),27,en
https://en.wikipedia.org/w/index.php?title=Middle_English&oldid=942129059,85,en
https://en.wikipedia.org/wiki/Andrew_Niccol,61,en
https://en.wiktionary.org/wiki/coup#Old_French,81,en
https://en.wiktionary.org/w/index.php?title=Help:Contents&oldid=58139045,59,en
https://en.wikipedia.org/w/index.php?title=Template:Protected_areas_of_Florida&action=edit,12,en
https://en.wikipedia.org/wiki/University_of_Florida,303,en
https://en.wikipedia.org/wiki/Virtual_community_of_practice,28,en
https://en.wikipedia.org/w/index.php?title=Special:MyTalk&action=edit&section=new&preload=Help:Contents/helpmepreload&preloadtitle=Help+me%21,20,en
https://en.wikipedia.org/w/index.php?title=Célestin_Freinet&oldid=928771770,57,en
https://en.wikisource.org/wiki/1911_Encyclop%C3%A6dia_Britannica/Latin_Language,12,en
https://en.wikipedia.org/wiki/Confederate_States_of_America,253,en
https://en.wiktionary.org/,360,en
https://en.wikipedia.org/w/index.php?title=Hendrick_Avercamp&oldid=935388819,60,en
https://en.wikinews.org/w/index.php?title=Special:Log&type=protect&page=Template:Lead_article_5,9,en
https://en.wikinews.org/w/index.php?title=Special:Log&type=protect&page=Template:Lead_article_4,9,en
https://en.wikinews.org/w/index.php?title=Special:Log&type=protect&page=Template:Lead_article_3,9,en
https://en.wikinews.org/w/index.php?title=Special:Log&type=protect&page=Template:Lead_article_2,9,en
https://en.wikinews.org/w/index.php?title=Special:Log&type=protect&page=Template:Lead_article_1,9,en
https://en.wiktionary.org/wiki/Florida,88,en
https://en.wikinews.org/wiki/Template_talk:Main_featured,9,en
https://en.wikipedia.org/wiki/Carl_Neumann_Degler,29,en
https://en.wikinews.org/w/index.php?title=Main_Page&stableid=4280710,134,en
https://en.wikipedia.org/w/index.php?title=Special:Log&type=protect&page=Template%3ATime+measurement+and+standards,8,en
https://en.wikipedia.org/wiki/da:Florida,201,en
https://en.wikipedia.org/wiki/Pennsylvania,435,en
https://en.wiktionary.org/wiki/durer#Old_French,41,en
https://en.wikinews.org/w/index.php?title=Special:Log&type=protect&page=Template:Main_featured,9,en
https://en.wikipedia.org/wiki/compendium,38,en
https://en.wikipedia.org/w/index.php?title=Florida&action=edit,12,en
https://en.wiktionary.org/wiki/pa%C3%AFs#Old_French,11,en
https://en.wikipedia.org/wiki/Otto_Jespersen,77,en
https://en.wikipedia.org/w/index.php?title=English_language&oldid=942561612,437,en
https://en.wikisource.org/wiki/Equal_Rights,12,en
https://en.wikiquote.org/wiki/Special:Search/Copyright,27,en
https://en.wikisource.org/w/index.php?title=1911_Encyclopædia_Britannica/Copyright&oldid=6727127,12,en
https://en.wikinews.org/wiki/Template:Main_headlines,12,en
https://en.wiktionary.org/wiki/cuens,11,en
https://en.wikipedia.org/wiki/Old_French,148,en
https://en.wikipedia.org/w/index.php?title=Wikipedia:Wikipedia_Signpost/2016-02-10/In_focus&oldid=756115572,18,en
https://en.wiktionary.org/wiki/Special:Search/United_States,125,en
https://en.wikisource.org/w/index.php?title=Wikisource:Scriptorium/Help&action=edit&section=new,11,en
https://en.wiktionary.org/wiki/prestre,16,en
https://en.wikiversity.org/wiki/Special:Search,21,en
https://en.wikipedia.org/w/index.php?title=Template:Legal_policy_list&action=edit,12,en
https://en.wiktionary.org/wiki/curation,19,en
https://en.wikipedia.org/wiki/Template:Largest_cities,73,en
https://en.wikibooks.org/w/index.php?title=Main_Page&oldid=3473429,151,en
https://en.wikipedia.org/wiki/Boston_English,46,en
https://en.wikipedia.org/w/index.php?title=Wikipedia:Wikipedia_Signpost/2005-04-18/Lucene_search&oldid=757290281,10,en
https://en.wikipedia.org/wiki/Template:Florida_cities_and_mayors_of_100000_population,12,en
https://en.wikipedia.org/w/index.php?title=Special:CreateAccount&campaign=anoneditwarning&returnto=Template:New_Spain,8,en
https://en.wikipedia.org/wiki/Sunshine_Skyway_Bridge,54,en
https://en.wikipedia.org/wiki/Jill_Ellis,65,en
https://en.wikipedia.org/w/index.php?title=Wikipedia:C&oldid=785087739,9,en
https://en.wikipedia.org/w/index.php?title=Special:CreateAccount&campaign=anoneditwarning&returnto=Wikimedia_movement,8,en
https://en.wikipedia.org/w/index.php?title=Special:CreateAccount&campaign=anoneditwarning&returnto=Template:Copyright_law_by_country,8,en
https://en.wikiquote.org/wiki/Latin_proverbs,94,en
https://en.wikipedia.org/wiki/Template:Intellectual_property,30,en
https://en.wikisource.org/wiki/1911_Encyclop%C3%A6dia_Britannica/Day_John,12,en
https://en.wikipedia.org/wiki/Participatory_action_research,29,en
https://en.wikipedia.org/w/index.php?title=Special:CreateAccount&campaign=anoneditwarning&returnto=Template:Confederate_States_political_divisions,8,en
https://en.wikipedia.org/wiki/History_of_the_English_language,41,en
https://en.wikiversity.org/,103,en
https://en.wikibooks.org/wiki/English_in_Use,42,en
https://en.wikinews.org/w/index.php?title=Template:Main_headlines&oldid=2754417,14,en
https://en.wikibooks.org/wiki/Wikimedia,50,en
https://en.wiktionary.org/wiki/quote,201,en
https://en.wikipedia.org/w/index.php?title=Special:Log&type=protect&page=Template%3AOpen+navbox,8,en
https://en.wikiquote.org/w/index.php?title=English_language&oldid=2695549,41,en
https://en.wikipedia.org/wiki/All_men_are_created_equal,30,en
https://en.wikipedia.org/wiki/Wikimedia_movement,75,en
https://en.wikivoyage.org/wiki/Florida#Q812,52,en
https://en.wikipedia.org/wiki/Rances_Barthelemy,15,en
https://en.wikipedia.org/wiki/Template:Copyright_law_by_country,16,en
https://en.wikipedia.org/w/index.php?title=Latin&oldid=942886577,306,en
https://en.wikiversity.org/wiki/Statistical_analysis_of_Wikimedia_Foundation_financial_reports,44,en
https://en.wiktionary.org/wiki/on,527,en
https://en.wikipedia.org/w/index.php?title=Special:CreateAccount&campaign=anoneditwarning&returnto=Template:English_official_language_clickable_map,8,en
https://en.wikisource.org/wiki/Freedom_and_Fear_Are_at_War,10,en
https://en.wikipedia.org/w/index.php?title=Special:WhatLinksHere/Quote&namespace=0,9,en
https://en.wiktionary.org/wiki/caballus,55,en
https://en.wikisource.org/wiki/Bill_Clinton%27s_first_inaugural_address,34,en
https://en.wikipedia.org/w/index.php?title=Template:United_States_political_divisions&action=edit,14,en
https://en.wikipedia.org/wiki/Template:UTC_time_offsets,88,en
https://en.wikisource.org/wiki/Portal:Florida,14,en
https://en.wikipedia.org/wiki/Template:Southern_United_States,11,en
https://en.wikipedia.org/w/index.php?title=Special:Log&type=protect&page=Template%3AWikipedia,8,en
https://en.wikisource.org/w/index.php?title=Template:New_texts&oldid=9965962,37,en
https://en.wikinews.org/wiki/Template_talk:Lead_article_4,9,en
https://en.wikipedia.org/w/index.php?title=Template:English_dialects_by_continent/testcases&action=edit&preload=Template:Documentation/preload-testcases,10,en
https://en.wikinews.org/w/index.php?title=Special:Log&type=move&page=Template:Lead_article_1,9,en
https://en.wikinews.org/w/index.php?title=Template_talk:Lead_article_1&action=edit&section=new,12,en
https://en.wikinews.org/w/index.php?title=Special:Log&type=move&page=Template:Lead_article_2,9,en
https://en.wikipedia.org/w/index.php?title=Special:Log&type=protect&page=Template%3AWikipedia+copyright,8,en
https://en.wikinews.org/w/index.php?title=Special:Log&type=move&page=Template:Lead_article_3,9,en
https://en.wikinews.org/w/index.php?title=Special:Log&type=move&page=Template:Lead_article_4,9,en
https://en.wikipedia.org/wiki/Tr%C3%A9sor_de_la_langue_fran%C3%A7aise_informatis%C3%A9,18,en
https://en.wikipedia.org/wiki/Gatorland,31,en
https://en.wikibooks.org/w/index.php?title=Subject:English_language&oldid=3205725,38,en
https://en.wikipedia.org/w/index.php?title=Special:UserLogin&returnto=Template:English_official_language_clickable_map,9,en
https://en.wikinews.org/w/index.php?title=Special:Log&type=move&page=Template:Lead_article_5,9,en
https://en.wikipedia.org/w/index.php?title=Template:Intellectual_property&action=edit,12,en
https://en.wikinews.org/wiki/Category:Copyright,43,en
https://en.wikipedia.org/wiki/Alabama,411,en
https://en.wikipedia.org/w/index.php?title=Template:Manner_of_articulation&action=edit,12,en
https://en.wikipedia.org/w/index.php?title=Special:CreateAccount&campaign=anoneditwarning&returnto=Template:Intellectual_property_activism,8,en
https://en.wikinews.org/wiki/Template_talk:Lead_article_3,10,en
https://en.wikinews.org/wiki/Template_talk:Lead_article_2,9,en
https://en.wikinews.org/wiki/Template_talk:Lead_article_1,10,en
https://en.wiktionary.org/wiki/loing#Old_French,21,en
https://en.wikipedia.org/w/index.php?title=Template:History_of_English&action=edit,14,en
https://en.wikinews.org/w/index.php?title=Template:Main_around&action=edit,12,en
https://en.wikivoyage.org/wiki/United_States#Q30,76,en
https://en.wikipedia.org/wiki/Roger_Bennett_(journalist),50,en
https://en.wikipedia.org/wiki/User:Guy_Macon/Wikipedia_has_Cancer,32,en
https://en.wikipedia.org/w/index.php?title=Template:Dictionaries_of_English/testcases&action=edit&preload=Template:Documentation/preload-testcases,10,en
https://en.wikipedia.org/w/index.php?title=Special:CreateAccount&campaign=anoneditwarning&returnto=Template:Description_of_English,8,en
https://en.wikinews.org/w/index.php?title=Template:Lead_article_2&oldid=4547432,15,en
https://en.wikinews.org/w/index.php?title=Template:Main_write&oldid=3033585,13,en
https://en.wikisource.org/wiki/Author:John_Marston,33,en
https://en.wiktionary.org/wiki/beaus#Old_French,16,en
https://en.wikisource.org/w/index.php?title=Template:New_texts/2020/11&action=edit&preload=Template:New_texts/archivepreload&redlink=1,10,en
https://en.wikipedia.org/w/index.php?title=Compendium&oldid=933962890,38,en
https://en.wikiversity.org/wiki/Topic:English_Language,46,en
https://en.wiktionary.org/wiki/cuer#Old_French,22,en
https://en.wikipedia.org/wiki/Rick_Derringer,73,en
https://en.wikinews.org/wiki/Template_talk:Main_original,9,en
https://en.wikisource.org/wiki/Special:Search,8,en
https://en.wikipedia.org/wiki/Julian_calendar,173,en
https://en.wiktionary.org/w/index.php?title=Wiktionary:Feedback&action=history,10,en
https://en.wikipedia.org/w/index.php?title=Template:IU_System&action=edit,14,en
https://en.wikinews.org/w/index.php?title=Template_talk:Main_featured&action=edit&section=new,12,en
https://en.wikipedia.org/wiki/International_Phonetic_Alphabet,197,en
https://en.wikipedia.org/wiki/Bomis,154,en
https://en.wikinews.org/w/index.php?title=Template_talk:Main_headlines&action=history,9,en
https://en.wikinews.org/w/index.php?title=Template:Main_write&action=edit,12,en
https://en.wikipedia.org/wiki/White_House,213,en
https://en.wikipedia.org/w/index.php?title=Special:Log&type=protect&page=English+language,8,en
https://en.wikipedia.org/wiki/Ejective_consonant,46,en
https://en.wikiversity.org/w/index.php?title=Free_content&oldid=2040542,45,en
https://en.wikinews.org/w/index.php?title=Category:Wikimedia&oldid=3113358,42,en
https://en.wikipedia.org/w/index.php?title=Template:Time_measurement_and_standards&action=edit,12,en
https://en.wikipedia.org/wiki/fair_use,145,en
https://en.wikipedia.org/wiki/Wiktionary,182,en
https://en.wikipedia.org/wiki/HBO,234,en
https://en.wikipedia.org/w/index.php?title=Indiana_University&oldid=942205899,57,en
https://en.wikinews.org/wiki/Template:Main_about,13,en
https://en.wikivoyage.org/wiki/Wikivoyage:Copyleft,46,en
https://en.wikipedia.org/w/index.php?title=Free_content&oldid=941439269,94,en
https://en.wikipedia.org/w/index.php?title=Talk%3AFlorida&preload=Template%3ASubmit+an+edit+request%2Fpreload&action=edit&section=new&editintro=Template%3AEdit+semi-protected%2Feditintro&preloadtitle=Semi-protected+edit+request+on+27+February+2020&preloadparams%5B%5D=edit+semi-protected&preloadparams%5B%5D=Florida,13,en
https://en.wikipedia.org/wiki/Watergate_scandal,211,en
https://en.wikipedia.org/wiki/Jacksonville_International_Airport,65,en
https://en.wikipedia.org/wiki/Template:Intellectual_property_activism,27,en
https://en.wikipedia.org/w/index.php?title=Template:UTC_time_offsets&action=edit,14,en
https://en.wiktionary.org/wiki/United_States,125,en
https://en.wikipedia.org/w/index.php?title=Special:CreateAccount&campaign=anoneditwarning&returnto=Template:Dictionaries_of_English,8,en
https://en.wikipedia.org/wiki/Special:Search/Florida,458,en
https://en.wikiquote.org/wiki/Help:Contents,61,en
https://en.wikipedia.org/wiki/Michael_Davies_(television_producer),27,en
https://en.wikipedia.org/w/index.php?title=Special:Log&type=protect&page=Template%3AWikimedia+Foundation,8,en
https://en.wiktionary.org/wiki/Wiktionary:Main_Page,360,en
https://en.wikinews.org/wiki/Special:Search/United_States,90,en
https://en.wikipedia.org/w/index.php?title=Wikimedia_Foundation&oldid=942871745,564,en
https://en.wikivoyage.org/wiki/Wikivoyage:Main_Page,89,en
https://en.wikibooks.org/w/index.php?title=Main_Page&stableid=3473429,148,en
https://en.wiktionary.org/wiki/inspire,121,en
https://en.wikibooks.org/wiki/,148,en
https://en.wiktionary.org/wiki/cal,90,en
https://en.wikipedia.org/wiki/Hendrick_Avercamp,60,en
https://en.wiktionary.org/w/index.php?title=Special:Userlogin&type=signup,8,en
https://en.wikipedia.org/wiki/Wikipedia:Wikipedia_Signpost/2005-04-18/Lucene_search,10,en
https://en.wikipedia.org/wiki/MediaWiki,363,en
https://en.wikipedia.org/w/index.php?title=Template_talk%3AWikipedia&preload=Template%3ASubmit+an+edit+request%2Fpreload&action=edit&section=new&editintro=Template%3AEdit+semi-protected%2Feditintro&preloadtitle=Semi-protected+edit+request+on+27+February+2020&preloadparams%5B%5D=edit+semi-protected&preloadparams%5B%5D=Template%3AWikipedia,13,en
https://en.wikipedia.org/wiki/Template:Time_measurement_and_standards,32,en
https://en.wiktionary.org/wiki/Wiktionary:Feedback,28,en
https://en.wikipedia.org/w/index.php?title=Special:UserLogin&returnto=Copyright,9,en
https://en.wikipedia.org/wiki/Indiana_University,57,en
https://en.wikipedia.org/w/index.php?title=Wikipedia:WIKIPEDIAHASCANCER&redirect=no,9,en
https://en.wiktionary.org/wiki/granz#Old_French,9,en
https://en.wikipedia.org/w/index.php?title=Special:ComparePages&page1=Template%3ADictionaries+of+English&page2=Template%3ADictionaries+of+English%2Fsandbox,9,en
https://en.wikibooks.org/w/index.php?title=Template:Wikibooks_policies_and_guidelines&action=edit,20,en
https://en.wikibooks.org/wiki/Category:Subject:English_language,58,en
https://en.wiktionary.org/wiki/cavallo,62,en
https://en.wikipedia.org/wiki/St._Petersburg_Florida,238,en
https://en.wikipedia.org/w/index.php?title=Wikipedia_talk:Wikipedia_Signpost/2016-02-10/In_focus&action=watch,9,en
https://en.wikipedia.org/wiki/Help:Multilingual_support,258,en
https://en.wikinews.org/wiki/United_States#English,90,en
https://en.wikiquote.org/wiki/Wikiquote:Community_Portal,80,en
https://en.wikipedia.org/w/index.php?title=Old_French&oldid=941589432,148,en
https://en.wikipedia.org/wiki/Tim_Carvell,24,en
https://en.wikipedia.org/wiki/Columbia_the_Gem_of_the_Ocean,29,en
https://en.wikiversity.org/w/index.php?title=Wikiversity:Main_Page&oldid=1811643,103,en
https://en.wikisource.org/w/index.php?title=Template:New_texts/2020/06&action=edit&preload=Template:New_texts/archivepreload&redlink=1,10,en
https://en.wikiquote.org/wiki/Florida,59,en
https://en.wikipedia.org/wiki/C.H.U.D.,47,en
https://en.wiktionary.org/wiki/chevaus#Old_French,10,en
https://en.wikipedia.org/w/index.php?title=Template:Germanic_languages/testcases&action=edit&preload=Template:Documentation/preload-testcases,10,en
https://en.wikinews.org/w/index.php?title=Template_talk:Lead_article_3&action=history,9,en
https://en.wikinews.org/w/index.php?title=Template:Lead_article_1&oldid=4548013,23,en
https://en.wikipedia.org/wiki/Fowler%27s_Modern_English_Usage,21,en
https://en.wikisource.org/w/index.php?title=Wikisource:Copyright_policy&oldid=9537297,72,en
https://en.wikipedia.org/wiki/American_Anthropological_Association,34,en
https://en.wikipedia.org/wiki/Copyleft,115,en
https://en.wikivoyage.org/w/index.php?title=Main_Page&oldid=3929161,89,en
https://en.wiktionary.org/wiki/tiule#Old_French,14,en
https://en.wikipedia.org/wiki/Kennedy_Space_Center_Visitor_Complex,41,en
https://en.wikipedia.org/wiki/Carribean_Sea,188,en
https://en.wikipedia.org/w/index.php?title=Special:UserLogin&returnto=Template:United_States_political_divisions,9,en
https://en.wikipedia.org/w/index.php?title=Special:UserLogin&returnto=Template:Periods_in_US_history,9,en
https://en.wikipedia.org/w/index.php?title=User_talk:Jimbo_Wales&oldid=779581521#Future_changes,66,en
https://en.wikipedia.org/w/index.php?title=Medieval_Latin&oldid=940612536,44,en
https://en.wikipedia.org/wiki/Tampa_International_Airport,154,en
https://en.wikinews.org/wiki/Template:Main_write,11,en
https://en.wikivoyage.org/wiki/Florida,52,en
https://en.wikipedia.org/wiki/United_States,904,en
https://en.wikipedia.org/wiki/Dean_Baker,59,en
https://en.wikisource.org/w/index.php?title=Template:New_texts/2020/10&action=edit&preload=Template:New_texts/archivepreload&redlink=1,10,en
https://en.wikipedia.org/wiki/John_Day_(dramatist),25,en
https://en.wikipedia.org/wiki/Objectivity_(journalism),40,en
https://en.wikibooks.org/wiki/Help:Contents,64,en
https://en.wikisource.org/wiki/Help:Contents,73,en
https://en.wikipedia.org/wiki/North_America,346,en
https://en.wikipedia.org/wiki/IP_address,157,en
https://en.wiktionary.org/wiki/hom,50,en
https://en.wiktionary.org/w/index.php?title=Wiktionary:Feedback&action=edit&section=new&preload=Wiktionary:Feedback%2Fpreload&editintro=Wiktionary:Feedback%2Fintro&preloadtitle=Word%20of%20the%20day%3A%20%5B%5Bspatulous%5D%5D,18,en
https://en.wikipedia.org/w/index.php?title=Wikipedia:Wikipedia_Signpost/2016-02-10/In_focus&action=purge,8,en
https://en.wiktionary.org/wiki/homme,92,en
https://en.wikipedia.org/wiki/Dred_Scott,75,en
https://en.wikiversity.org/wiki/Wikimedia_Foundation,32,en
https://en.wikiversity.org/wiki/English_as_a_second_language,36,en
https://en.wikiversity.org/w/index.php?title=Wikimedia_Foundation&oldid=1875388,32,en
https://en.wikivoyage.org/wiki/,89,en
https://en.wiktionary.org/wiki/neveu#Old_French,43,en
https://en.wikipedia.org/w/index.php?title=Template:Wikipedia&action=edit,12,en
https://en.wiktionary.org/wiki/eage#Old_French,24,en
https://en.wikipedia.org/wiki/Wikipedia:Wikipedia_Signpost/2015-10-14/News_and_notes,26,en
https://en.wikipedia.org/w/index.php?title=Charles_du_Fresne_sieur_du_Cange&oldid=938525606,54,en
https://en.wikipedia.org/wiki/Last_Week_Tonight_with_John_Oliver,277,en
https://en.wikinews.org/w/index.php?title=Special:Log&type=move&page=Template:Main_about,9,en
https://en.wikivoyage.org/w/index.php?title=Wikivoyage:Help&oldid=3815574,36,en
https://en.wikinews.org/wiki/Special:Search/Wikimedia,43,en
https://en.wikipedia.org/wiki/Implosive_consonant,40,en
https://en.wikiquote.org/wiki/Special:Search/United_States,699,en
https://en.wikipedia.org/wiki/Harper_%26_Row_v._Nation_Enterprises,29,en
https://en.wiktionary.org/wiki/melior#Latin,34,en
https://en.wikinews.org/w/index.php?title=Special:Log&type=protect&page=Template:Main_around,9,en
https://en.wikibooks.org/wiki/Special:Search/United_States,19,en
https://en.wikipedia.org/wiki/Wikipedia:Standard_GFDL_violation_letter,40,en
https://en.wikisource.org/wiki/Category:English_language,28,en
https://en.wikisource.org/wiki/1911_Encyclop%C3%A6dia_Britannica/Copyright,12,en
https://en.wiktionary.org/wiki/a#Scottish_Gaelic,424,en
https://en.wikipedia.org/wiki/en:Wikimedia,75,en
https://en.wikiquote.org/w/index.php?title=Main_Page&oldid=2261574,181,en
https://en.wikiversity.org/wiki/Free_content,45,en
https://en.wikipedia.org/wiki/Wikipedia:Copyrights,159,en
https://en.wikipedia.org/w/index.php?title=Copyright&oldid=942832461,178,en
https://en.wikinews.org/w/index.php?title=Category:Copyright&oldid=3822591,45,en
https://en.wikipedia.org/wiki/Consensus,82,en
https://en.wikiquote.org/w/index.php?title=Florida&oldid=2711680,59,en
https://en.wikipedia.org/w/index.php?title=Wikipedia:UNICODE&redirect=no,9,en
https://en.wikinews.org/w/index.php?title=Template_talk:Lead_article_1&action=history,9,en
https://en.wikivoyage.org/w/index.php?title=Florida&oldid=3926496,52,en
https://en.wikinews.org/w/index.php?title=Template:Lead_article_3&action=edit,13,en
https://en.wikinews.org/w/index.php?title=Category:Wikimedia_Foundation&oldid=4515946,45,en
https://en.wikipedia.org/wiki/Prohibition_in_the_United_States,136,en
https://en.wikiquote.org/w/index.php?title=Template:New_pages&action=edit,8,en
https://en.wikinews.org/w/index.php?title=Template:Main_about&oldid=892773,15,en
https://en.wikipedia.org/w/index.php?title=A_Latin_Dictionary&oldid=940984394,34,en
https://en.wikinews.org/w/index.php?title=Template:Lead_article_5&action=edit,12,en
https://en.wiktionary.org/wiki/cavalry,90,en
https://en.wikipedia.org/wiki/Category:English_language,152,en
https://en.wikinews.org/wiki/Special:CreateAccount,8,en
https://en.wikiversity.org/w/index.php?title=English_as_a_second_language&oldid=1609350,36,en
https://en.wikinews.org/w/index.php?title=Special:NewsFeed&feed=atom&categories=Published%7CUnited_States&notcategories=No%20publish%7Cdisputed&namespace=0&count=15&ordermethod=categoryadd&stablepages=only,0,en
https://en.wikinews.org/w/index.php?title=Template_talk:Lead_article_4&action=edit&section=new,12,en
https://en.wikibooks.org/wiki/Help:Wikibooks,64,en
https://en.wikinews.org/w/index.php?title=Template:Lead_article_1&action=edit,13,en
https://en.wikipedia.org/wiki/scientific_method,158,en
https://en.wiktionary.org/wiki/meilleur#French,35,en
https://en.wikipedia.org/wiki/Amnesty_International,273,en
https://en.wiktionary.org/wiki/toit#Old_French,59,en
https://en.wikipedia.org/w/index.php?title=Wikipedia:COPY&redirect=no,9,en
https://en.wikipedia.org/wiki/Ian_Bremmer,85,en
https://en.wikibooks.org/wiki/Special:Search?search=food&prefix=English-Hanzi%2F&fulltext=Search+this+book&fulltext=Search&ns0=1&ns4=1&ns102=1&ns110=1&ns112=1,17,en
https://en.wikipedia.org/wiki/Pinyin,164,en
https://en.wikipedia.org/wiki/OCILLA,38,en
https://en.wikipedia.org/wiki/Janet_Daley,21,en
https://en.wikinews.org/wiki/Main_Page,134,en
https://en.wikiquote.org/wiki/United_States,699,en
https://en.wiktionary.org/wiki/mention,121,en
https://en.wikinews.org/w/index.php?title=Special:Log&type=protect&page=Template:Main_write,9,en
https://en.wikipedia.org/wiki/Charles_du_Fresne_sieur_du_Cange#Works,54,en
https://en.wikipedia.org/wiki/Template:United_States_political_divisions,128,en
https://en.wikiquote.org/wiki/Copyright,27,en
https://en.wikipedia.org/wiki/2006_Lebanon_War,347,en
https://en.wiktionary.org/wiki/equus,63,en
https://en.wikipedia.org/w/index.php?title=Wikipedia:CANCER&redirect=no,9,en
https://en.wikisource.org/wiki/What_to_the_Slave_is_the_Fourth_of_July%3F,34,en
https://en.wikipedia.org/w/index.php?title=Special:UserLogin&returnto=Template:Translation_department,9,en
https://en.wikipedia.org/w/index.php?title=Wikipedia:COPYLINKS&oldid=778186637,9,en
https://en.wiktionary.org/wiki/avoir,102,en
https://en.wikinews.org/w/index.php?title=Template_talk:Lead_article_3&action=edit&section=new,12,en
https://en.wikipedia.org/wiki/In_God_we_trust,165,en
https://en.wiktionary.org/wiki/Wiktionary:Word_of_the_day/2020/February_27,12,en
https://en.wikinews.org/w/index.php?title=Help:Contents&oldid=899288,40,en
https://en.wikipedia.org/w/index.php?title=Ejective_consonant&oldid=939209070,46,en
https://en.wikipedia.org/w/index.php?title=English_language&action=edit,12,en
https://en.wikisource.org/wiki/Civil_Rights_Act_of_1875,15,en
https://en.wikipedia.org/wiki/es:Florida,228,en
https://en.wikipedia.org/wiki/Daytona_International_Speedway,78,en
https://en.wikipedia.org/wiki/Steven_Decatur,113,en
https://en.fontke.com/font/25861256/download/,7,en
https://en.wikipedia.org/w/index.php?title=Special:CreateAccount&campaign=anoneditwarning&returnto=Template:UTC_time_offsets,8,en
https://en.wikipedia.org/w/index.php?title=Wikipedia:Copyrights&oldid=912433338,159,en
https://en.wikipedia.org/w/index.php?title=John_Marston_(poet)&oldid=942525707,53,en
https://en.wikipedia.org/wiki/it:Florida,232,en
https://en.wiktionary.org/wiki/fils,69,en
https://en.wikinews.org/w/index.php?title=Template:Main_featured&action=edit,12,en
https://en.wikinews.org/w/index.php?title=Special:Log&type=protect&page=Template:Main_interviews,9,en
https://en.wikipedia.org/wiki/Charles_I_of_England,162,en
https://en.wikipedia.org/wiki/Dan_Gurewitch,16,en
https://en.wikinews.org/w/index.php?title=Category:Florida&action=purge,9,en
https://en.wikinews.org/wiki/Category:Wikimedia_Foundation,43,en
https://en.wiktionary.org/wiki/Quote,24,en
https://en.wikipedia.org/wiki/Cuban_Missile_Crisis,223,en
https://en.wikiquote.org/wiki/Latin,28,en
https://en.wikiversity.org/wiki/Wikiversity:Main_Page,100,en
https://en.wikipedia.org/w/index.php?title=The_Isle_of_Gulls&oldid=675765040,10,en
https://en.wikipedia.org/wiki/Click_consonant#endnote_pal,48,en
https://en.wikipedia.org/wiki/Black_people,174,en
https://en.wiktionary.org/w/index.php?title=quote&oldid=58324282,201,en
https://en.wikipedia.org/wiki/Jimmy_Wales,335,en
https://en.wiktionary.org/wiki/plein#Old_French,70,en
https://en.wikipedia.org/w/index.php?title=Template:Wikimedia_Foundation&action=edit,12,en
https://en.wikisource.org/wiki/Special:Search/Florida,8,en
https://en.wiktionary.org/wiki/ch%C3%AAne,44,en
https://en.wikipedia.org/w/index.php?title=Special:UserLogin&returnto=Template:Description_of_English,9,en
https://en.wiktionary.org/wiki/asper#Latin,43,en
https://en.wikiversity.org/w/index.php?title=Help:Contents&oldid=2111520,66,en
https://en.wikipedia.org/w/index.php?title=Special:Log&type=protect&page=Template%3ALegal+policy+list,8,en
https://en.wikipedia.org/w/index.php?title=Template:English_official_language_clickable_map/testcases&action=edit,12,en
https://en.wikinews.org/w/index.php?title=Special:NewsFeed&feed=atom&categories=Published%7CCopyright&notcategories=No%20publish%7Cdisputed&namespace=0&count=15&ordermethod=categoryadd&stablepages=only,0,en
https://en.wikisource.org/w/index.php?title=Template:New_texts/2020/03&action=edit&preload=Template:New_texts/archivepreload&redlink=1,10,en
https://en.wikipedia.org/wiki/Template:Legal_policy_list,22,en
https://en.wikipedia.org/wiki/KPMG,156,en
https://en.wiktionary.org/wiki/s%C5%93ur,62,en
https://en.wiktionary.org/wiki/compendium,60,en
https://en.wikipedia.org/w/index.php?title=Template:Southern_United_States&action=edit,14,en
https://en.wikipedia.org/wiki/Wikipedia:Wikipedia_Signpost/2007-11-05/French_lawsuit,11,en
https://en.wikiquote.org/w/index.php?title=Help:Contents&oldid=484400,61,en
https://en.wiktionary.org/wiki/cheval,82,en
https://en.wikipedia.org/wiki/Template:Wikipedia_copyright,35,en
https://en.wikinews.org/w/index.php?title=Template_talk:Main_original&action=history,9,en
https://en.wikipedia.org/wiki/O_Florida_Venereal_Soil,11,en
https://en.wikipedia.org/wiki/quote,20,en
https://en.wikipedia.org/wiki/Wikipedia:Wikipedia_Signpost/2007-11-19/Anthere_interview,27,en
https://en.wikinews.org/wiki/Wikinews:Copyright,51,en
https://en.wikipedia.org/w/index.php?title=Wikipedia:Wikipedia_Signpost/2007-11-19/Anthere_interview&oldid=671557516,27,en
https://en.wikipedia.org/wiki/Tides_(organization),24,en
https://en.wiktionary.org/w/index.php?title=United_States&oldid=58547447,125,en
https://en.wikinews.org/w/index.php?title=Template_talk:Main_write&action=edit&section=new,12,en
https://en.wiktionary.org/w/index.php?title=Wikimedia&oldid=58624234,21,en
https://en.wiktionary.org/wiki/Category:Latin_language,131,en
https://en.wikibooks.org/w/index.php?title=Subject:English_language&action=purge,17,en
https://en.wikipedia.org/w/index.php?title=Special:ComparePages&page1=Template%3AEnglish+dialects+by+continent&page2=Template%3AEnglish+dialects+by+continent%2Fsandbox,9,en
https://en.wikipedia.org/w/index.php?title=Special:CreateAccount&campaign=anoneditwarning&returnto=Wikimedia_Foundation,8,en
https://en.wikipedia.org/w/index.php?title=Special:UserLogin&returnto=Template:Dictionaries_of_English,9,en
https://en.wikipedia.org/wiki/Free_content,93,en
https://en.wiktionary.org/wiki/ve%C3%BCe#Old_French,10,en
https://en.wikipedia.org/w/index.php?title=Template:HCP_Research_Network&action=edit,14,en
https://en.wikinews.org/wiki/Template:Lead_article_5,11,en
https://en.wikibooks.org/wiki/Project:Main_Page,148,en
https://en.wikinews.org/wiki/Template:Lead_article_3,13,en
https://en.wikinews.org/wiki/Template:Lead_article_4,11,en
https://en.wiktionary.org/w/index.php?title=heart_to_heart&oldid=47451644,16,en
https://en.wikipedia.org/wiki/Medieval_Latin,44,en
https://en.wikinews.org/wiki/Template:Lead_article_1,21,en
https://en.wiktionary.org/wiki/bien#Old_French,73,en
https://en.wikipedia.org/wiki/Fort_Lauderdale%E2%80%93Hollywood_International_Airport,149,en
https://en.wikinews.org/wiki/Template:Lead_article_2,13,en
https://en.wikipedia.org/wiki/Received_Pronunciation,57,en
https://en.wikibooks.org/w/index.php?title=Help:Contents&oldid=3656216,65,en
https://en.wikipedia.org/w/index.php?title=Template:Public_colleges_and_universities_in_Indiana&action=edit,14,en
https://en.wikisource.org/w/index.php?title=Special:NewPages&hidepatrolled=0,8,en
https://en.wikipedia.org/wiki/Wikipedia:Copyright_problems,579,en
https://en.wikipedia.org/wiki/The_Isle_of_Gulls,10,en
https://en.wiktionary.org/wiki/quotes,25,en
https://en.wikipedia.org/w/index.php?title=URL&oldid=941593273,125,en
https://en.wikisource.org/wiki/Catholic_Encyclopedia_(1913)/Charles_Dufresne_Du_Cange,9,en
https://en.wikinews.org/w/index.php?title=Template:Lead_article_4&action=edit,12,en
https://en.wikiversity.org/wiki/English-Pinyin,31,en
https://en.wiktionary.org/w/index.php?title=UTC&oldid=58523402,42,en
https://en.wikipedia.org/wiki/Miami_metropolitan_area,64,en
https://en.wikipedia.org/wiki/Daniel_A._Bell,36,en
https://en.wikipedia.org/wiki/James_D._Nicoll,45,en
https://en.wikiversity.org/wiki/Wikimedia,57,en
https://en.wiktionary.org/w/index.php?title=Wiktionary:Main_Page&action=purge,9,en
https://en.wikipedia.org/wiki/Click_consonant#endnote_doke,48,en
https://en.wikinews.org/w/index.php?title=Special:UserLogin&type=signup,8,en
https://en.wikiversity.org/wiki/Latin,44,en
https://en.wikinews.org/w/index.php?title=Special:Log&type=protect&page=Template:Main_original,9,en
https://en.wikipedia.org/w/index.php?title=Template:Intellectual_property_activism&action=edit,14,en
https://en.wiktionary.org/wiki/home,477,en
https://en.wikipedia.org/w/index.php?title=Wikipedia:COPYLINK&oldid=778186642,9,en
https://en.wiktionary.org/w/index.php?title=Category:English_language&oldid=58276820,166,en
https://en.wikipedia.org/wiki/copyright,178,en
https://en.wikipedia.org/wiki/militias,100,en
https://en.wikipedia.org/wiki/Kubla_Khan,50,en
https://en.wikipedia.org/wiki/Florida,458,en
https://en.wikipedia.org/wiki/James_Truslow_Adams,71,en
https://en.wikinews.org/w/index.php?title=Template:Main_interviews&action=edit,12,en
https://en.wiktionary.org/w/index.php?title=Wiktionary%3AFEED&redirect=no,9,en
https://en.wikipedia.org/wiki/English_language,437,en
https://en.wikipedia.org/wiki/Hubert_Selby_Jr.,65,en
https://en.wikipedia.org/wiki/Copyright,178,en
https://en.wiktionary.org/wiki/fenir#Old_French,14,en
https://en.wiktionary.org/wiki/aoust#Old_French,15,en
https://en.wikinews.org/w/index.php?title=Main_Page&oldid=4280710,136,en
https://en.wikipedia.org/wiki/Fair_use#Amount_and_substantiality,145,en
https://en.wikipedia.org/w/index.php?title=Special:CreateAccount&campaign=anoneditwarning&returnto=Template:History_of_English,8,en
https://en.wikipedia.org/wiki/2003,244,en
https://en.wikiversity.org/w/index.php?title=Statistical_analysis_of_Wikimedia_Foundation_financial_reports&oldid=2093885,44,en
https://en.wikipedia.org/wiki/Azeri_copyright_law,24,en
https://en.wikiquote.org/wiki/Template:New_pages,14,en
https://en.wikinews.org/w/index.php?title=Template:Main_around&oldid=4222656,13,en
https://en.wiktionary.org/wiki/aage#Old_French,20,en
https://en.wikisource.org/wiki/Wikisource:Community_Portal,76,en
https://en.wikipedia.org/w/index.php?title=Special:UserLogin&returnto=Template:History_of_English,9,en
https://en.wikinews.org/w/index.php?title=Template:Main_headlines&action=edit,12,en
https://en.wikipedia.org/wiki/Template:Germanic_languages,67,en
https://en.wikinews.org/w/index.php?title=Category:Copyright&action=purge,9,en
https://en.wikiquote.org/wiki/English_language,41,en
https://en.wikibooks.org/wiki/en:Main_Page,148,en
https://en.wikipedia.org/w/index.php?title=Template:New_Spain&action=edit,14,en
https://en.wikipedia.org/w/index.php?title=Wikipedia:Multilingual_coordination&oldid=905320844,92,en
https://en.wikipedia.org/wiki/Template:Translation_department,24,en
https://en.wikibooks.org/w/index.php?title=English-Hanzi&oldid=3645860,63,en
https://en.wikipedia.org/w/index.php?title=Special:CreateAccount&campaign=anoneditwarning&returnto=Template:Periods_in_US_history,8,en
https://en.wiktionary.org/wiki/bon#Old_French,126,en
https://en.wikipedia.org/w/index.php?title=Special:CreateAccount&campaign=anoneditwarning&returnto=Template:Translation_department,8,en
https://en.wikipedia.org/w/index.php?title=Template_talk%3ALargest_cities&preload=Template%3ASubmit+an+edit+request%2Fpreload&action=edit&section=new&editintro=Template%3AEdit+template-protected%2Feditintro&preloadtitle=Template-protected+edit+request+on+27+February+2020&preloadparams%5B%5D=edit+template-protected&preloadparams%5B%5D=Template%3ALargest+cities,11,en
https://en.wikinews.org/w/index.php?title=Special:Log&type=protect&page=Template:Main_about,9,en
https://en.wikinews.org/w/index.php?title=Template:Main_featured&oldid=3117604,13,en
https://en.wikiversity.org/w/index.php?title=Portal:English_Language&oldid=1960399,46,en
https://en.wikinews.org/w/index.php?title=Special:Log&type=move&page=Template:Main_interviews,9,en
https://en.wiktionary.org/wiki/heart_to_heart,16,en
https://en.wikipedia.org/w/index.php?title=Template:Description_of_English&action=edit,14,en
https://en.wikibooks.org/,148,en
https://en.wikinews.org/wiki/Template:Main_featured,11,en
https://en.wikipedia.org/w/index.php?title=Special:Log&type=protect&page=Template%3AProtected+areas+of+Florida,8,en
https://en.wiktionary.org/wiki/pi%C3%A9#Old_French,14,en
https://en.wikiversity.org/wiki/Copyright,30,en
https://en.wikinews.org/w/index.php?title=Special:Log&type=move&page=Template:Main_featured,9,en
https://en.wikipedia.org/w/index.php?title=Wikipedia:COPYLINKS&redirect=no,9,en
https://en.wikipedia.org/wiki/GSFDL,11,en
https://en.wikinews.org/wiki/,134,en
https://en.wikipedia.org/wiki/Geist,32,en
https://en.wikipedia.org/w/index.php?title=Wikipedia:COPYRIGHT&oldid=908568117,9,en
https://en.wikipedia.org/wiki/Copyrights,178,en
https://en.wikipedia.org/wiki/Wikimedia_Commons,203,en
https://en.wikiversity.org/w/index.php?title=Template:Official_policies&action=edit,29,en
https://en.wikipedia.org/w/index.php?title=Template:Wikipedia_technical_help&action=edit,12,en
https://en.wikinews.org/w/index.php?title=Category:United_States&from=H,90,en
https://en.wikinews.org/w/index.php?title=Category:United_States&from=G,90,en
https://en.wiktionary.org/wiki/Special:CreateAccount,8,en
https://en.wikinews.org/w/index.php?title=Category:United_States&from=J,90,en
https://en.wikipedia.org/wiki/Wikipedia:Spotting_possible_copyright_violations,15,en
https://en.wikinews.org/w/index.php?title=Category:United_States&from=I,90,en
https://en.wikinews.org/w/index.php?title=Category:United_States&from=L,90,en
https://en.wikinews.org/w/index.php?title=Category:United_States&from=K,90,en
https://en.wikinews.org/w/index.php?title=Category:United_States&from=N,90,en
https://en.wikinews.org/w/index.php?title=Category:United_States&from=M,90,en
https://en.wikisource.org/wiki/Law_and_Order,12,en
https://en.wikinews.org/w/index.php?title=Category:United_States&from=B,90,en
https://en.wikinews.org/w/index.php?title=Category:United_States&from=A,90,en
https://en.wikinews.org/w/index.php?title=Category:United_States&from=D,90,en
https://en.wiktionary.org/wiki/grand#French,145,en
https://en.wikinews.org/w/index.php?title=Category:United_States&from=C,90,en
https://en.wikinews.org/w/index.php?title=Category:United_States&from=F,90,en
https://en.wikipedia.org/wiki/Coordinated_Universal_Time,183,en
https://en.wikinews.org/w/index.php?title=Category:United_States&from=E,90,en
https://en.wikisource.org/wiki/Wikisource:Copyright_policy,72,en
https://en.wikiquote.org/wiki/John_Marston,18,en
https://en.wikipedia.org/wiki/Main_Page,141,en
https://en.wikibooks.org/wiki/Open_Source,50,en
https://en.wikinews.org/w/index.php?title=Category:United_States&from=0,90,en
https://en.wiktionary.org/w/index.php?title=Wiktionary%3AH&redirect=no,9,en
https://en.wikipedia.org/w/index.php?title=Template:Wikipedia_copyright&action=edit,12,en
https://en.wikinews.org/w/index.php?title=Template_talk:Main_original&action=edit&section=new,12,en
https://en.wikipedia.org/wiki/Shortcut,24,en
https://en.wikipedia.org/wiki/General_American,46,en
https://en.wikipedia.org/w/index.php?title=Template:Germanic_philology&action=edit,14,en
https://en.wikipedia.org/wiki/Template:English_dialects_by_continent,26,en
https://en.wikipedia.org/wiki/Middle_English,85,en
https://en.wiktionary.org/wiki/grandis#Latin,38,en
https://en.wikipedia.org/wiki/List_of_U.S._states,202,en
https://en.wikiversity.org/wiki/,103,en
https://en.wikiquote.org/wiki/Category:Wikimedia_Foundation,23,en
https://en.wikipedia.org/wiki/Template:Wikimedia_Foundation,109,en
https://en.wikiversity.org/wiki/Special:Search/Wikimedia,57,en
https://en.wikipedia.org/w/index.php?title=Template_talk%3AWikipedia_copyright&preload=Template%3ASubmit+an+edit+request%2Fpreload&action=edit&section=new&editintro=Template%3AEdit+semi-protected%2Feditintro&preloadtitle=Semi-protected+edit+request+on+27+February+2020&preloadparams%5B%5D=edit+semi-protected&preloadparams%5B%5D=Template%3AWikipedia+copyright,13,en
https://en.wikipedia.org/wiki/learning_community,33,en
https://en.wikipedia.org/wiki/Free_Software_Foundation,156,en
https://en.wikipedia.org/w/index.php?title=Template:English_language&action=edit,14,en
https://en.wikipedia.org/wiki/Steven_Barnes,38,en
https://en.wikipedia.org/wiki/Katharine_Lee_Bates,61,en
https://en.wikipedia.org/w/index.php?title=Wikipedia:COPYOTHERS&redirect=no,9,en
https://en.wikinews.org/w/index.php?title=Template:Main_interviews&oldid=1280170,13,en
https://en.wikisource.org/w/index.php?title=Main_Page&oldid=9953607,115,en
https://en.wikisource.org/wiki/Main_Page,115,en
https://en.wikisource.org/w/index.php?title=Template:Copyright_help_navbox&action=edit,12,en
https://en.wikiquote.org/wiki/,181,en
https://en.wikiquote.org/wiki/Special:Search/English_language,41,en
https://en.wikipedia.org/wiki/Wikipedia:Boilerplate_text,18,en
https://en.wikipedia.org/wiki/Old_English_language,140,en
https://en.wikipedia.org/wiki/Polish_copyright_law,28,en
https://en.wikisource.org/w/index.php?title=Template:New_texts/2020/05&action=edit&preload=Template:New_texts/archivepreload&redlink=1,10,en
https://en.wikipedia.org/wiki/Australian_copyright_law,35,en
https://en.wikipedia.org/w/index.php?title=Wikimedia_movement&action=edit,13,en
https://en.wikipedia.org/wiki/Wikipedia:Multilingual_coordination,92,en
https://en.wikibooks.org/w/index.php?title=Special:Log&type=review&page=Main_Page,17,en
https://en.wikinews.org/w/index.php?title=Category:United_States&from=X,90,en
https://en.wikipedia.org/w/index.php?title=Template:English_dialects_by_continent&action=edit,17,en
https://en.wikinews.org/w/index.php?title=Category:United_States&from=W,90,en
https://en.wikipedia.org/w/index.php?title=Special:UserLogin&returnto=Template:English_dialects_by_continent,9,en
https://en.wikinews.org/w/index.php?title=Category:United_States&from=Z,90,en
https://en.wikinews.org/w/index.php?title=Category:United_States&from=Y,90,en
https://en.wikinews.org/w/index.php?title=Category:United_States&action=purge,9,en
https://en.wikipedia.org/wiki/Citizens_United_v._FEC,132,en
https://en.wikinews.org/w/index.php?title=Category:United_States&from=P,90,en
https://en.wikinews.org/w/index.php?title=Category:United_States&from=O,90,en
https://en.wikinews.org/w/index.php?title=Category:United_States&from=R,90,en
https://en.wikivoyage.org/w/index.php?title=Wikivoyage:Copyleft&action=history,16,en
https://en.wikipedia.org/w/index.php?title=Special:CreateAccount&campaign=anoneditwarning&returnto=Template:United_States_political_divisions,8,en
https://en.wikinews.org/w/index.php?title=Category:United_States&from=Q,90,en
https://en.wikinews.org/w/index.php?title=Category:United_States&from=T,90,en
https://en.wikipedia.org/wiki/List_of_U.S._states_and_territories_by_population,77,en
https://en.wikinews.org/w/index.php?title=Category:United_States&from=S,90,en
https://en.wikinews.org/w/index.php?title=Category:United_States&from=V,90,en
https://en.wiktionary.org/wiki/Project:Main_Page,360,en
https://en.wikinews.org/w/index.php?title=Category:United_States&from=U,90,en
https://en.wikipedia.org/wiki/Wikipedia:Neutral_point_of_view,191,en
https://en.wikinews.org/wiki/Special:Log,11,en
https://en.wikipedia.org/w/index.php?title=Quote&oldid=941083180,20,en
https://en.wikipedia.org/w/index.php?title=Special:ComparePages&page1=Template%3AGermanic+languages&page2=Template%3AGermanic+languages%2Fsandbox,9,en
https://en.wikivoyage.org/wiki/Main_Page,89,en
https://en.wiktionary.org/wiki/Special:Search/Florida,88,en
https://en.wikipedia.org/wiki/Kurt_Andersen,36,en
https://en.wikipedia.org/w/index.php?title=Special:CreateAccount&campaign=anoneditwarning&returnto=Template:Florida_cities_and_mayors_of_100000_population,8,en
https://en.wiktionary.org/wiki/,360,en
https://en.wikipedia.org/wiki/List_of_U.S._states_and_territories_by_population_density,46,en
https://en.wikipedia.org/wiki/Rabbit_at_Rest,21,en
https://en.wikisource.org/w/index.php?title=Template:New_texts/2020/02&action=edit&preload=Template:New_texts/archivepreload&redlink=1,10,en
https://en.wiktionary.org/wiki/tout#French,115,en
https://en.wikipedia.org/w/index.php?title=Template:Big_Ten_Academic_Alliance&action=edit,14,en
https://en.wikipedia.org/w/index.php?title=Special:UserLogin&returnto=Template:New_Spain,9,en
https://en.wikibooks.org/w/index.php?title=Wikibooks:Copyrights&oldid=2364776,51,en
https://en.wikibooks.org/wiki/Special:Log,17,en
https://en.wiktionary.org/wiki/quoting,23,en
https://en.wikipedia.org/wiki/Template:Wikipedia,51,en
https://en.wikisource.org/wiki/America_and_the_War,12,en
https://en.wikipedia.org/wiki/Spanish_Florida,70,en
https://en.wikipedia.org/w/index.php?title=Wikipedia:COPYLINK&redirect=no,9,en
https://en.wikipedia.org/wiki/Template:English_official_language_clickable_map,37,en
https://en.wikipedia.org/w/index.php?title=Talk%3AEnglish_language&preload=Template%3ASubmit+an+edit+request%2Fpreload&action=edit&section=new&editintro=Template%3AEdit+semi-protected%2Feditintro&preloadtitle=Semi-protected+edit+request+on+27+February+2020&preloadparams%5B%5D=edit+semi-protected&preloadparams%5B%5D=English+language,13,en
https://en.wikipedia.org/wiki/Jamie_Foxx,152,en
https://en.wikipedia.org/w/index.php?title=Template_talk%3AOpen_navbox&preload=Template%3ASubmit+an+edit+request%2Fpreload&action=edit&section=new&editintro=Template%3AEdit+semi-protected%2Feditintro&preloadtitle=Semi-protected+edit+request+on+27+February+2020&preloadparams%5B%5D=edit+semi-protected&preloadparams%5B%5D=Template%3AOpen+navbox,13,en
https://en.wikiquote.org/wiki/Special:Search/Wikimedia,8,en
https://en.wikipedia.org/w/index.php?title=Special:UserLogin&returnto=Template:English_language,9,en
https://en.wikipedia.org/w/index.php?title=Click_consonant&oldid=939158386,48,en
https://en.wikipedia.org/w/index.php?title=Wikipedia:C&redirect=no,9,en
https://en.wiktionary.org/wiki/Special:Search/Wikimedia,21,en
https://en.wikinews.org/w/index.php?title=Template:Lead_article_3&oldid=4547851,15,en
https://en.wikipedia.org/w/index.php?title=Template_talk%3AIntellectual_property&preload=Template%3ASubmit+an+edit+request%2Fpreload&action=edit&section=new&editintro=Template%3AEdit+semi-protected%2Feditintro&preloadtitle=Semi-protected+edit+request+on+27+February+2020&preloadparams%5B%5D=edit+semi-protected&preloadparams%5B%5D=Template%3AIntellectual+property,13,en
https://en.wikinews.org/wiki/Template:Main_around,11,en
https://en.wikisource.org/w/index.php?title=Template:New_texts&action=edit,8,en
https://en.wikipedia.org/wiki/America_the_Beautiful,60,en
https://en.wikipedia.org/wiki/Xanadu,33,en
https://en.wikiquote.org/w/index.php?title=Wikiquote:Copyrights&oldid=2637941,48,en
https://en.wikipedia.org/w/index.php?title=Template:Confederate_States_political_divisions&action=edit,14,en
https://en.wikipedia.org/wiki/Template:Dictionaries_of_English,19,en
https://en.wikibooks.org/wiki/English_for_B2_Students,21,en
https://en.wikinews.org/wiki/Special:Search/Florida,66,en
https://en.wikipedia.org/w/index.php?title=Template:Translation_department&action=edit,14,en
https://en.wikipedia.org/w/index.php?title=Template:Largest_cities&action=edit,11,en
https://en.wikipedia.org/w/index.php?title=Special:Log&type=protect&page=United+States,8,en
https://en.wikipedia.org/w/index.php?title=Template:Time_topics&action=edit,12,en
https://en.wikipedia.org/w/index.php?title=Template_talk%3ALegal_policy_list&preload=Template%3ASubmit+an+edit+request%2Fpreload&action=edit&section=new&editintro=Template%3AEdit+semi-protected%2Feditintro&preloadtitle=Semi-protected+edit+request+on+27+February+2020&preloadparams%5B%5D=edit+semi-protected&preloadparams%5B%5D=Template%3ALegal+policy+list,13,en
https://en.wiktionary.org/w/index.php?title=Wiktionary%3ACOPY&redirect=no,9,en
https://en.wikipedia.org/wiki/C%C3%A9lestin_Freinet,57,en
https://en.wikipedia.org/wiki/British_English,76,en
https://en.wikipedia.org/wiki/E_Pluribus_Unum,60,en
https://en.wikipedia.org/wiki/Spanish_language,447,en
https://en.wikipedia.org/w/index.php?title=Main_Page&oldid=939357440,141,en
https://en.wikipedia.org/wiki/copyleft,115,en
https://en.wiktionary.org/wiki/aveir,18,en
https://en.wikipedia.org/w/index.php?title=Special:Log&type=protect&page=Template%3AIntellectual+property,8,en
https://en.wikipedia.org/wiki/Click_consonant,48,en
https://en.wikinews.org/w/index.php?title=Template_talk:Main_featured&action=history,9,en
https://en.wikipedia.org/wiki/Template:Open_navbox,24,en
https://en.wikinews.org/wiki/Category:United_States,90,en
https://en.wikinews.org/w/index.php?title=Template:Main_original&action=edit,12,en
https://en.wikipedia.org/wiki/Aceldama,36,en
https://en.wikisource.org/wiki/Author:Charles_du_Fresne,35,en
https://en.wikisource.org/wiki/George_W._Bush%27s_Second_State_of_the_Union_Address,19,en
https://en.wikipedia.org/w/index.php?title=Template:Italic_languages&action=edit,14,en
https://en.wikipedia.org/w/index.php?title=Special:UserLogin&returnto=Template:Germanic_languages,9,en
https://en.wikiversity.org/wiki/English-Chinese,31,en
https://en.wiktionary.org/w/index.php?title=Wiktionary:Word_of_the_day/2020/February_27&action=purge,8,en
https://en.wikiquote.org/wiki/Wikiquote:Copyrights,48,en
https://en.wiktionary.org/wiki/jueu#Old_French,25,en
https://en.wiktionary.org/wiki/copyright,83,en
https://en.wikibooks.org/wiki/Latin,58,en
https://en.wikipedia.org/w/index.php?title=Template:Basic_information&action=edit,14,en
https://en.wikipedia.org/wiki/Wikijunior,122,en
https://en.wikibooks.org/wiki/FCE_English,17,en
https://en.wikipedia.org/wiki/John_Oliver,291,en
https://en.wikiquote.org/w/index.php?title=Template:Policydraft&action=edit,8,en
https://en.wikinews.org/w/index.php?title=Template_talk:Lead_article_5&action=edit&section=new,12,en
https://en.wikivoyage.org/wiki/United_States,76,en
https://en.wikipedia.org/w/index.php?title=User:Guy_Macon/Wikipedia_has_Cancer&oldid=931354531,32,en
https://en.wiktionary.org/wiki/fil,131,en
https://en.wikiversity.org/w/index.php?title=Wikiversity:HELP&redirect=no,21,en
https://en.wikivoyage.org/w/index.php?title=Wikivoyage:Copyleft&oldid=3868528,46,en
https://en.wikipedia.org/wiki/Template:Protected_areas_of_Florida,12,en
https://en.wikipedia.org/w/index.php?title=Help:Contents&oldid=942685199,204,en
https://en.wikipedia.org/w/index.php?title=Template:Germanic_languages&action=edit,17,en
https://en.wikinews.org/w/index.php?title=Template:Lead_article_2&action=edit,13,en
https://en.wikipedia.org/wiki/Territories_of_the_United_States,195,en
https://en.wiktionary.org/w/index.php?title=Module%3Alanguages%2Fdata2&action=edit,9,en
https://en.wikisource.org/wiki/la:Main_Page,184,en
https://en.wikinews.org/wiki/Category:Wikimedia,40,en
https://en.wiktionary.org/w/index.php?title=Wiktionary:Word_of_the_day/2020/February_27&action=edit,8,en
https://en.wikipedia.org/w/index.php?title=Template:Germanic_languages/sandbox&action=edit,12,en
https://en.wikipedia.org/w/index.php?title=Special:UserLogin&returnto=Template:Florida_cities_and_mayors_of_100000_population,9,en
https://en.wikipedia.org/wiki/Thomas_A%27Becket_(composer),13,en
https://en.wikipedia.org/wiki/American_Society_of_Newspaper_Editors,13,en
https://en.wiktionary.org/wiki/%C3%A2pre#French,32,en
https://en.wikipedia.org/w/index.php?title=Template:Latin_periods&action=edit,14,en
https://en.wikipedia.org/wiki/Early_Modern_English,50,en
https://en.wikipedia.org/wiki/DMOZ,132,en
https://en.wiktionary.org/wiki/charrue,37,en
https://en.wikisource.org/w/index.php?title=Template:New_texts/2020/09&action=edit&preload=Template:New_texts/archivepreload&redlink=1,10,en
https://en.wikipedia.org/wiki/Pacific_Ocean,325,en
https://en.wikibooks.org/wiki/English,37,en
https://en.wikipedia.org/wiki/SunRail,42,en
https://en.wikipedia.org/wiki/Wikipedia:Wikipedia_Signpost/2005-05-30/Foundation_official_positions,13,en
https://en.wikipedia.org/wiki/John_Marston_(poet),53,en
https://en.wikipedia.org/w/index.php?title=Special:UserLogin&type=signup&campaign=semiprotectednotice,8,en
https://en.wikipedia.org/wiki/List_of_U.S._states_and_territories_by_area,52,en
https://en.wikiversity.org/wiki/User:Jtneill,48,en
https://en.wikipedia.org/wiki/Classical_Latin,45,en
